date,price,quantity,advertising,temp_av,score,comp_score,score_accum,comp_score_accum,score_ratio,views,customers
2018-01-01,24.99,0.0,0.04041666666666666,6.833333333333332,0.0,0.0,0.0,0.0,0.0,,
2018-01-02,24.99,0.0,0.04041666666666666,7.722222222222222,0.0,2.0,0.0,2.0,0.0,,
2018-01-03,24.99,0.0,0.04041666666666666,9.000000000000002,0.0,0.0,0.0,2.0,0.0,,
2018-01-04,24.99,0.0,0.04041666666666666,8.38888888888889,0.0,0.0,0.0,2.0,0.0,,
2018-01-05,24.99,0.0,0.04041666666666666,6.166666666666668,0.0,0.0,0.0,2.0,0.0,,
2018-01-06,24.99,0.0,0.04041666666666666,3.3333333333333335,0.0,0.0,0.0,2.0,0.0,,
2018-01-07,24.99,0.0,0.04041666666666666,3.277777777777777,0.0,0.0,0.0,2.0,0.0,,
2018-01-08,24.99,0.0,0.04041666666666666,4.388888888888888,0.0,2.0,0.0,4.0,0.0,,
2018-01-09,24.99,0.0,0.04041666666666666,5.444444444444443,0.0,-1.0,0.0,3.0,0.0,,
2018-01-10,24.99,0.0,0.04041666666666666,7.444444444444445,0.0,0.0,0.0,3.0,0.0,,
2018-01-11,24.99,0.0,0.04041666666666666,6.222222222222224,0.0,4.0,0.0,7.0,0.0,,
2018-01-12,24.99,0.0,0.04041666666666666,6.833333333333332,0.0,5.0,0.0,12.0,0.0,,
2018-01-13,24.99,0.0,0.04041666666666666,6.166666666666668,0.0,1.0,0.0,13.0,0.0,,
2018-01-14,24.99,0.0,0.04041666666666666,5.0,0.0,0.0,0.0,13.0,0.0,,
2018-01-15,24.99,0.0,0.04041666666666666,8.333333333333334,0.0,3.0,0.0,16.0,0.0,,
2018-01-16,24.99,0.0,0.04041666666666666,5.777777777777777,0.0,0.0,0.0,16.0,0.0,,
2018-01-17,24.99,0.0,0.04041666666666666,5.166666666666665,0.0,2.0,0.0,18.0,0.0,,
2018-01-18,24.99,0.0,0.04041666666666666,7.666666666666665,0.0,0.0,0.0,18.0,0.0,,
2018-01-19,24.99,0.0,0.04041666666666666,3.6666666666666674,0.0,0.0,0.0,18.0,0.0,,
2018-01-20,24.99,0.0,0.04041666666666666,3.444444444444446,0.0,0.0,0.0,18.0,0.0,,
2018-01-21,24.99,0.0,0.04041666666666666,4.222222222222223,0.0,2.0,0.0,20.0,0.0,,
2018-01-22,24.99,0.0,0.04041666666666666,8.88888888888889,0.0,0.0,0.0,20.0,0.0,,
2018-01-23,24.99,0.0,0.04041666666666666,10.666666666666668,0.0,2.0,0.0,22.0,0.0,,
2018-01-24,24.99,0.0,0.04041666666666666,9.944444444444445,0.0,0.0,0.0,22.0,0.0,,
2018-01-25,24.99,0.0,0.04041666666666666,7.3888888888888875,0.0,0.0,0.0,22.0,0.0,,
2018-01-26,24.99,0.0,0.04041666666666666,5.611111111111112,0.0,-1.0,0.0,21.0,0.0,,
2018-01-27,24.99,0.0,0.04041666666666666,7.555555555555555,0.0,0.0,0.0,21.0,0.0,,
2018-01-28,24.99,0.0,0.04041666666666666,11.555555555555554,0.0,1.0,0.0,22.0,0.0,,
2018-01-29,24.99,0.0,0.04041666666666666,10.0,0.0,0.0,0.0,22.0,0.0,,
2018-01-30,24.99,0.0,0.04041666666666666,4.61111111111111,0.0,0.0,0.0,22.0,0.0,,
2018-01-31,24.99,0.0,0.04041666666666666,6.611111111111111,0.0,-1.0,0.0,21.0,0.0,,
2018-02-01,24.99,0.0,0.04041666666666666,5.38888888888889,0.0,0.0,0.0,21.0,0.0,,
2018-02-02,24.99,0.0,0.04041666666666666,5.666666666666668,0.0,2.0,0.0,23.0,0.0,,
2018-02-03,24.99,0.0,0.04041666666666666,3.7777777777777763,0.0,3.0,0.0,26.0,0.0,,
2018-02-04,24.99,0.0,0.04041666666666666,3.2222222222222205,0.0,0.0,0.0,26.0,0.0,,
2018-02-05,24.99,0.0,0.04041666666666666,2.5,0.0,2.0,0.0,28.0,0.0,,
2018-02-06,24.99,0.0,0.04041666666666666,1.722222222222223,0.0,-2.0,0.0,26.0,0.0,,
2018-02-07,24.99,0.0,0.04041666666666666,2.2222222222222223,0.0,0.0,0.0,26.0,0.0,,
2018-02-08,24.99,0.0,0.04041666666666666,3.277777777777777,0.0,0.0,0.0,26.0,0.0,,
2018-02-09,24.99,1.0,0.04041666666666666,4.722222222222222,0.0,3.0,0.0,29.0,0.0,,
2018-02-10,24.99,1.0,0.04041666666666666,4.388888888888888,0.0,1.0,0.0,30.0,0.0,,
2018-02-11,24.99,2.0,0.04041666666666666,4.833333333333335,0.0,2.0,0.0,32.0,0.0,,
2018-02-12,24.99,2.0,0.04041666666666666,2.944444444444443,0.0,0.0,0.0,32.0,0.0,,
2018-02-13,24.99,2.0,0.04041666666666666,4.166666666666667,4.0,0.0,4.0,32.0,0.125,,
2018-02-14,24.99,0.0,0.04041666666666666,3.3333333333333335,2.0,2.0,6.0,34.0,0.17647058823529413,,
2018-02-15,24.99,0.0,0.04041666666666666,7.277777777777778,2.0,-2.0,8.0,32.0,0.25,,
2018-02-16,24.99,1.0,0.04041666666666666,4.666666666666666,2.0,0.0,10.0,32.0,0.3125,,
2018-02-17,24.99,2.0,0.04041666666666666,5.666666666666668,0.0,1.0,10.0,33.0,0.30303030303030304,,
2018-02-18,24.99,0.0,0.04041666666666666,6.0555555555555545,0.0,-1.0,10.0,32.0,0.3125,,
2018-02-19,24.99,0.0,1.8745454545454547,8.944444444444445,1.0,0.0,11.0,32.0,0.34375,,
2018-02-20,24.99,0.0,1.8745454545454547,8.444444444444446,0.0,-2.0,11.0,30.0,0.36666666666666664,,
2018-02-21,24.99,1.0,1.8745454545454547,4.722222222222222,0.0,-2.0,11.0,28.0,0.39285714285714285,,
2018-02-22,24.99,1.0,1.8745454545454547,2.944444444444443,0.0,-1.0,11.0,27.0,0.4074074074074074,,
2018-02-23,29.99,1.0,1.8745454545454547,1.6666666666666667,0.0,2.0,11.0,29.0,0.3793103448275862,,
2018-02-24,29.99,0.0,1.8745454545454547,2.000000000000001,0.0,0.0,11.0,29.0,0.3793103448275862,,
2018-02-25,29.99,2.0,1.8745454545454547,1.5000000000000016,0.0,2.0,11.0,31.0,0.3548387096774194,,
2018-02-26,29.99,1.0,1.8745454545454547,-0.33333333333333415,0.0,2.0,11.0,33.0,0.3333333333333333,,
2018-02-27,29.99,2.0,1.8745454545454547,-2.333333333333333,4.0,0.0,15.0,33.0,0.45454545454545453,,
2018-02-28,29.99,1.0,1.8745454545454547,-4.055555555555555,0.0,2.0,15.0,35.0,0.42857142857142855,,
2018-03-01,24.99,1.0,1.8745454545454547,-0.8888888888888897,0.0,-2.0,15.0,33.0,0.45454545454545453,,
2018-03-02,24.99,0.0,1.8745454545454547,-0.8888888888888897,0.0,-4.0,15.0,29.0,0.5172413793103449,,
2018-03-03,29.99,1.0,4.295714285714285,2.2777777777777786,0.0,2.0,15.0,31.0,0.4838709677419355,,
2018-03-04,29.99,2.0,4.295714285714285,6.166666666666668,2.0,2.0,17.0,33.0,0.5151515151515151,,
2018-03-05,29.99,1.0,4.295714285714285,7.11111111111111,0.0,0.0,17.0,33.0,0.5151515151515151,,
2018-03-06,29.99,1.0,4.295714285714285,7.055555555555557,0.0,0.0,17.0,33.0,0.5151515151515151,,
2018-03-07,29.99,3.0,4.295714285714285,6.277777777777776,0.0,-2.0,17.0,31.0,0.5483870967741935,,
2018-03-08,29.99,1.0,4.295714285714285,6.944444444444445,0.0,2.0,17.0,33.0,0.5151515151515151,,
2018-03-09,29.99,6.0,4.295714285714285,6.555555555555554,0.0,2.0,17.0,35.0,0.4857142857142857,,
2018-03-10,29.99,2.0,4.295714285714285,10.777777777777779,2.0,0.0,19.0,35.0,0.5428571428571428,,
2018-03-11,29.99,3.0,4.295714285714285,8.944444444444445,4.0,1.0,23.0,36.0,0.6388888888888888,,
2018-03-12,29.99,2.0,4.295714285714285,8.777777777777777,0.0,0.0,23.0,36.0,0.6388888888888888,,
2018-03-13,29.99,0.0,4.295714285714285,7.722222222222222,0.0,-2.0,23.0,34.0,0.6764705882352942,,
2018-03-14,29.99,1.0,4.295714285714285,8.499999999999998,0.0,4.0,23.0,38.0,0.6052631578947368,,
2018-03-15,29.99,2.0,4.295714285714285,9.777777777777779,0.0,6.0,23.0,44.0,0.5227272727272727,,
2018-03-16,29.99,1.0,4.295714285714285,9.5,0.0,0.0,23.0,44.0,0.5227272727272727,,
2018-03-17,29.99,1.0,4.295714285714285,0.9999999999999984,0.0,2.0,23.0,46.0,0.5,,
2018-03-18,29.99,1.0,1.2866666666666666,-0.4999999999999992,0.0,0.0,23.0,46.0,0.5,,
2018-03-19,29.99,2.0,1.2866666666666666,1.3333333333333326,0.0,2.0,23.0,48.0,0.4791666666666667,,
2018-03-20,29.99,3.0,1.2866666666666666,4.61111111111111,0.0,0.0,23.0,48.0,0.4791666666666667,,
2018-03-21,29.99,3.0,1.2866666666666666,5.277777777777778,0.0,0.0,23.0,48.0,0.4791666666666667,,
2018-03-22,29.99,1.0,1.2866666666666666,7.444444444444445,-1.0,-2.0,22.0,46.0,0.4782608695652174,,
2018-03-23,29.99,0.0,1.2866666666666666,8.944444444444445,0.0,4.0,22.0,50.0,0.44,,
2018-03-24,29.99,0.0,1.2866666666666666,7.88888888888889,0.0,0.0,22.0,50.0,0.44,,
2018-03-25,29.99,0.0,1.2866666666666666,9.11111111111111,0.0,-2.0,22.0,48.0,0.4583333333333333,,
2018-03-26,29.99,0.0,1.2866666666666666,8.722222222222223,0.0,0.0,22.0,48.0,0.4583333333333333,,
2018-03-27,29.99,0.0,1.2866666666666666,9.055555555555554,0.0,0.0,22.0,48.0,0.4583333333333333,,
2018-03-28,29.99,0.0,1.2866666666666666,5.944444444444446,0.0,0.0,22.0,48.0,0.4583333333333333,,
2018-03-29,29.99,0.0,1.2866666666666666,4.777777777777779,0.0,3.0,22.0,51.0,0.43137254901960786,,
2018-03-30,29.99,0.0,1.2866666666666666,5.499999999999999,0.0,0.0,22.0,51.0,0.43137254901960786,,
2018-03-31,29.99,0.0,1.2866666666666666,5.777777777777777,0.0,0.0,22.0,51.0,0.43137254901960786,,
2018-04-01,29.99,0.0,1.2866666666666666,5.777777777777777,0.0,0.0,22.0,51.0,0.43137254901960786,,
2018-04-02,29.99,0.0,1.2866666666666666,10.944444444444446,0.0,0.0,22.0,51.0,0.43137254901960786,,
2018-04-03,29.99,1.0,6.93076923076923,10.944444444444446,0.0,0.0,22.0,51.0,0.43137254901960786,,
2018-04-04,29.99,3.0,6.93076923076923,9.555555555555557,4.0,0.0,26.0,51.0,0.5098039215686274,,
2018-04-05,29.99,0.0,6.93076923076923,7.833333333333333,0.0,0.0,26.0,51.0,0.5098039215686274,,
2018-04-06,29.99,1.0,6.93076923076923,10.166666666666664,0.0,0.0,26.0,51.0,0.5098039215686274,41.0,33.0
2018-04-07,29.99,2.0,6.93076923076923,12.111111111111109,0.0,2.0,26.0,53.0,0.49056603773584906,28.0,27.0
2018-04-08,29.99,2.0,6.93076923076923,10.0,0.0,6.0,26.0,59.0,0.4406779661016949,30.0,24.0
2018-04-09,29.99,0.0,6.93076923076923,8.777777777777777,0.0,0.0,26.0,59.0,0.4406779661016949,30.0,26.0
2018-04-10,27.99,1.0,6.93076923076923,10.555555555555555,0.0,0.0,26.0,59.0,0.4406779661016949,29.0,26.0
2018-04-11,28.99,2.0,6.93076923076923,9.055555555555554,0.0,6.0,26.0,65.0,0.4,29.0,28.0
2018-04-12,27.99,1.0,6.93076923076923,8.11111111111111,0.0,0.0,26.0,65.0,0.4,40.0,31.0
2018-04-13,27.99,0.0,6.93076923076923,8.944444444444445,0.0,0.0,26.0,65.0,0.4,44.0,36.0
2018-04-14,27.99,0.0,6.93076923076923,12.777777777777779,0.0,0.0,26.0,65.0,0.4,32.0,29.0
2018-04-15,25.99,2.0,6.93076923076923,11.555555555555554,0.0,3.0,26.0,68.0,0.38235294117647056,49.0,45.0
2018-04-16,25.99,0.0,6.93076923076923,11.277777777777777,0.0,0.0,26.0,68.0,0.38235294117647056,55.0,39.0
2018-04-17,25.99,1.0,6.93076923076923,14.333333333333334,0.0,-2.0,26.0,66.0,0.3939393939393939,45.0,30.0
2018-04-18,25.99,1.0,6.93076923076923,17.555555555555557,0.0,0.0,26.0,66.0,0.3939393939393939,23.0,22.0
2018-04-19,25.99,4.0,6.93076923076923,20.0,0.0,0.0,26.0,66.0,0.3939393939393939,17.0,16.0
2018-04-20,25.99,0.0,6.93076923076923,18.555555555555557,0.0,0.0,26.0,66.0,0.3939393939393939,17.0,17.0
2018-04-21,25.99,0.0,6.93076923076923,17.5,0.0,0.0,26.0,66.0,0.3939393939393939,26.0,21.0
2018-04-22,29.99,2.0,6.93076923076923,16.555555555555557,0.0,0.0,26.0,66.0,0.3939393939393939,22.0,20.0
2018-04-23,29.99,1.0,6.93076923076923,11.722222222222221,0.0,3.0,26.0,69.0,0.37681159420289856,25.0,22.0
2018-04-24,29.99,0.0,6.93076923076923,13.11111111111111,0.0,4.0,26.0,73.0,0.3561643835616438,15.0,14.0
2018-04-25,29.99,0.0,6.93076923076923,11.055555555555555,0.0,0.0,26.0,73.0,0.3561643835616438,29.0,24.0
2018-04-26,29.99,0.0,6.93076923076923,10.333333333333334,0.0,0.0,26.0,73.0,0.3561643835616438,15.0,14.0
2018-04-27,29.99,1.0,6.93076923076923,9.555555555555557,0.0,0.0,26.0,73.0,0.3561643835616438,28.0,23.0
2018-04-28,29.99,1.0,6.93076923076923,8.277777777777779,0.0,-3.0,26.0,70.0,0.37142857142857144,27.0,23.0
2018-04-29,29.99,0.0,6.93076923076923,7.333333333333335,0.0,0.0,26.0,70.0,0.37142857142857144,31.0,19.0
2018-04-30,29.99,3.0,1.9989999999999999,7.277777777777778,0.0,0.0,26.0,70.0,0.37142857142857144,37.0,29.0
2018-05-01,29.99,2.0,1.9989999999999999,8.166666666666668,0.0,0.0,26.0,70.0,0.37142857142857144,46.0,36.0
2018-05-02,29.99,3.0,1.9989999999999999,10.0,0.0,1.0,26.0,71.0,0.36619718309859156,37.0,33.0
2018-05-03,29.99,0.0,1.9989999999999999,14.555555555555555,0.0,0.0,26.0,71.0,0.36619718309859156,25.0,21.0
2018-05-04,29.99,1.0,1.9989999999999999,14.555555555555555,0.0,0.0,26.0,71.0,0.36619718309859156,12.0,9.0
2018-05-05,29.99,2.0,1.9989999999999999,15.666666666666666,0.0,0.0,26.0,71.0,0.36619718309859156,42.0,28.0
2018-05-06,29.99,1.0,1.9989999999999999,17.5,0.0,0.0,26.0,71.0,0.36619718309859156,22.0,19.0
2018-05-07,29.99,2.0,1.9989999999999999,19.88888888888889,0.0,0.0,26.0,71.0,0.36619718309859156,18.0,15.0
2018-05-08,29.99,0.0,1.9989999999999999,18.055555555555557,0.0,0.0,26.0,71.0,0.36619718309859156,21.0,20.0
2018-05-09,29.99,0.0,1.9989999999999999,13.944444444444445,0.0,0.0,26.0,71.0,0.36619718309859156,63.0,50.0
2018-05-10,29.99,0.0,1.9989999999999999,12.833333333333334,0.0,0.0,26.0,71.0,0.36619718309859156,25.0,19.0
2018-05-11,25.99,1.0,6.315454545454545,13.11111111111111,0.0,0.0,26.0,71.0,0.36619718309859156,33.0,21.0
2018-05-12,25.99,0.0,6.315454545454545,11.88888888888889,0.0,2.0,26.0,73.0,0.3561643835616438,13.0,13.0
2018-05-13,25.99,0.0,6.315454545454545,12.833333333333334,0.0,0.0,26.0,73.0,0.3561643835616438,28.0,22.0
2018-05-14,24.99,2.0,6.315454545454545,14.666666666666666,0.0,0.0,26.0,73.0,0.3561643835616438,22.0,20.0
2018-05-15,24.99,1.0,6.315454545454545,16.833333333333332,0.0,0.0,26.0,73.0,0.3561643835616438,10.0,8.0
2018-05-16,24.99,0.0,6.315454545454545,12.722222222222221,0.0,0.0,26.0,73.0,0.3561643835616438,21.0,19.0
2018-05-17,24.99,1.0,6.315454545454545,11.833333333333332,0.0,0.0,26.0,73.0,0.3561643835616438,21.0,18.0
2018-05-18,24.99,1.0,6.315454545454545,12.222222222222221,0.0,0.0,26.0,73.0,0.3561643835616438,8.0,8.0
2018-05-19,24.99,2.0,6.315454545454545,15.0,0.0,0.0,26.0,73.0,0.3561643835616438,27.0,21.0
2018-05-20,24.99,1.0,6.315454545454545,15.333333333333334,0.0,0.0,26.0,73.0,0.3561643835616438,26.0,22.0
2018-05-21,24.99,0.0,6.315454545454545,16.77777777777778,0.0,0.0,26.0,73.0,0.3561643835616438,17.0,17.0
2018-05-22,24.99,1.0,6.315454545454545,16.833333333333332,0.0,0.0,26.0,73.0,0.3561643835616438,18.0,15.0
2018-05-23,24.99,2.0,6.315454545454545,13.777777777777777,0.0,2.0,26.0,75.0,0.3466666666666667,25.0,21.0
2018-05-24,24.99,1.0,6.315454545454545,14.055555555555554,0.0,0.0,26.0,75.0,0.3466666666666667,30.0,25.0
2018-05-25,24.99,0.0,6.315454545454545,15.277777777777779,0.0,0.0,26.0,75.0,0.3466666666666667,45.0,39.0
2018-05-26,24.99,1.0,6.315454545454545,19.72222222222222,0.0,0.0,26.0,75.0,0.3466666666666667,28.0,24.0
2018-05-27,24.99,2.0,6.315454545454545,20.666666666666668,0.0,4.0,26.0,79.0,0.3291139240506329,30.0,23.0
2018-05-28,24.99,2.0,6.315454545454545,19.444444444444443,0.0,-3.0,26.0,76.0,0.34210526315789475,29.0,24.0
2018-05-29,24.99,2.0,6.315454545454545,15.5,0.0,0.0,26.0,76.0,0.34210526315789475,35.0,23.0
2018-05-30,24.99,3.0,6.315454545454545,15.444444444444445,0.0,0.0,26.0,76.0,0.34210526315789475,42.0,29.0
2018-05-31,24.99,1.0,6.315454545454545,18.77777777777778,1.0,0.0,27.0,76.0,0.35526315789473684,30.0,25.0
2018-06-01,24.99,0.0,6.315454545454545,18.77777777777778,0.0,0.0,27.0,76.0,0.35526315789473684,40.0,28.0
2018-06-02,24.99,3.0,6.315454545454545,18.61111111111111,0.0,-2.0,27.0,74.0,0.36486486486486486,35.0,28.0
2018-06-03,24.99,2.0,5.7972413793103446,19.777777777777775,0.0,0.0,27.0,74.0,0.36486486486486486,17.0,17.0
2018-06-04,26.656666666666666,3.0,5.7972413793103446,14.277777777777779,2.0,-2.0,29.0,72.0,0.4027777777777778,29.0,24.0
2018-06-05,24.99,2.0,5.7972413793103446,14.277777777777779,0.0,0.0,29.0,72.0,0.4027777777777778,35.0,32.0
2018-06-06,24.99,2.0,5.7972413793103446,15.833333333333334,0.0,0.0,29.0,72.0,0.4027777777777778,20.0,16.0
2018-06-07,24.99,1.0,5.7972413793103446,16.61111111111111,0.0,0.0,29.0,72.0,0.4027777777777778,41.0,29.0
2018-06-08,24.99,2.0,5.7972413793103446,17.83333333333333,0.0,-1.0,29.0,71.0,0.4084507042253521,39.0,25.0
2018-06-09,24.99,4.0,5.7972413793103446,16.666666666666668,0.0,0.0,29.0,71.0,0.4084507042253521,18.0,17.0
2018-06-10,24.99,1.0,5.7972413793103446,18.22222222222222,0.0,0.0,29.0,71.0,0.4084507042253521,32.0,29.0
2018-06-11,24.99,3.0,5.7972413793103446,18.277777777777782,0.0,2.0,29.0,73.0,0.3972602739726027,29.0,24.0
2018-06-12,24.99,3.0,5.7972413793103446,15.277777777777779,0.0,0.0,29.0,73.0,0.3972602739726027,24.0,18.0
2018-06-13,24.99,0.0,5.7972413793103446,16.333333333333332,2.0,2.0,31.0,75.0,0.41333333333333333,33.0,28.0
2018-06-14,24.99,2.0,5.7972413793103446,17.72222222222222,0.0,1.0,31.0,76.0,0.40789473684210525,54.0,47.0
2018-06-15,24.99,3.0,5.7972413793103446,17.11111111111111,0.0,0.0,31.0,76.0,0.40789473684210525,43.0,34.0
2018-06-16,29.99,1.0,5.7972413793103446,16.11111111111111,0.0,-1.0,31.0,75.0,0.41333333333333333,45.0,28.0
2018-06-17,24.99,4.0,5.7972413793103446,15.38888888888889,0.0,1.0,31.0,76.0,0.40789473684210525,45.0,32.0
2018-06-18,24.99,1.0,5.7972413793103446,19.111111111111114,0.0,2.0,31.0,78.0,0.3974358974358974,37.0,31.0
2018-06-19,24.99,2.0,5.7972413793103446,20.166666666666668,0.0,2.0,31.0,80.0,0.3875,33.0,30.0
2018-06-20,24.99,1.0,5.7972413793103446,18.77777777777778,0.0,2.0,31.0,82.0,0.3780487804878049,35.0,30.0
2018-06-21,24.99,2.0,5.7972413793103446,15.61111111111111,0.0,0.0,31.0,82.0,0.3780487804878049,29.0,27.0
2018-06-22,24.99,2.0,5.7972413793103446,16.61111111111111,-2.0,0.0,29.0,82.0,0.35365853658536583,41.0,32.0
2018-06-23,24.99,3.0,5.7972413793103446,18.055555555555557,0.0,2.0,29.0,84.0,0.34523809523809523,42.0,26.0
2018-06-24,24.99,6.0,5.7972413793103446,19.777777777777775,0.0,2.0,29.0,86.0,0.3372093023255814,22.0,17.0
2018-06-25,24.99,0.0,5.7972413793103446,21.888888888888893,0.0,0.0,29.0,86.0,0.3372093023255814,38.0,30.0
2018-06-26,24.99,2.0,5.7972413793103446,21.666666666666668,0.0,2.0,29.0,88.0,0.32954545454545453,33.0,25.0
2018-06-27,24.99,1.0,5.7972413793103446,19.222222222222218,0.0,0.0,29.0,88.0,0.32954545454545453,33.0,26.0
2018-06-28,24.99,6.0,5.7972413793103446,19.388888888888893,0.0,2.0,29.0,90.0,0.32222222222222224,29.0,21.0
2018-06-29,24.99,1.0,5.7972413793103446,20.555555555555557,0.0,0.0,29.0,90.0,0.32222222222222224,16.0,14.0
2018-06-30,24.99,0.0,5.7972413793103446,20.222222222222225,0.0,-2.0,29.0,88.0,0.32954545454545453,24.0,14.0
2018-07-01,24.99,1.0,5.7972413793103446,23.333333333333332,0.0,0.0,29.0,88.0,0.32954545454545453,33.0,27.0
2018-07-02,24.99,1.0,5.7972413793103446,23.333333333333332,0.0,0.0,29.0,88.0,0.32954545454545453,22.0,18.0
2018-07-03,24.99,0.0,6.132258064516129,20.888888888888886,0.0,0.0,29.0,88.0,0.32954545454545453,25.0,20.0
2018-07-04,24.99,0.0,6.132258064516129,20.27777777777778,0.0,0.0,29.0,88.0,0.32954545454545453,16.0,13.0
2018-07-05,24.99,0.0,6.132258064516129,23.72222222222222,0.0,0.0,29.0,88.0,0.32954545454545453,8.0,7.0
2018-07-06,24.99,0.0,6.132258064516129,23.72222222222222,0.0,0.0,29.0,88.0,0.32954545454545453,8.0,5.0
2018-07-07,21.99,2.0,6.132258064516129,24.555555555555557,0.0,0.0,29.0,88.0,0.32954545454545453,14.0,12.0
2018-07-08,21.99,0.0,6.132258064516129,24.444444444444443,0.0,0.0,29.0,88.0,0.32954545454545453,11.0,9.0
2018-07-09,21.99,1.0,6.132258064516129,23.22222222222222,0.0,0.0,29.0,88.0,0.32954545454545453,9.0,8.0
2018-07-10,21.99,2.0,6.132258064516129,18.72222222222222,0.0,0.0,29.0,88.0,0.32954545454545453,28.0,20.0
2018-07-11,21.99,1.0,6.132258064516129,18.5,0.0,0.0,29.0,88.0,0.32954545454545453,13.0,13.0
2018-07-12,21.99,3.0,6.132258064516129,19.055555555555557,0.0,0.0,29.0,88.0,0.32954545454545453,22.0,16.0
2018-07-13,21.99,2.0,6.132258064516129,20.611111111111107,0.0,0.0,29.0,88.0,0.32954545454545453,20.0,15.0
2018-07-14,21.99,0.0,6.132258064516129,21.944444444444443,0.0,0.0,29.0,88.0,0.32954545454545453,9.0,9.0
2018-07-15,21.99,0.0,6.132258064516129,22.722222222222225,0.0,0.0,29.0,88.0,0.32954545454545453,19.0,15.0
2018-07-16,21.99,0.0,6.132258064516129,22.61111111111111,0.0,0.0,29.0,88.0,0.32954545454545453,12.0,9.0
2018-07-17,21.99,1.0,6.132258064516129,19.055555555555557,0.0,0.0,29.0,88.0,0.32954545454545453,20.0,9.0
2018-07-18,21.99,3.0,6.132258064516129,20.166666666666668,0.0,0.0,29.0,88.0,0.32954545454545453,14.0,11.0
2018-07-19,21.99,2.0,6.132258064516129,21.833333333333332,0.0,0.0,29.0,88.0,0.32954545454545453,20.0,11.0
2018-07-20,21.99,2.0,6.132258064516129,21.11111111111111,0.0,0.0,29.0,88.0,0.32954545454545453,13.0,9.0
2018-07-21,21.99,1.0,6.132258064516129,21.666666666666668,0.0,0.0,29.0,88.0,0.32954545454545453,13.0,7.0
2018-07-22,21.99,1.0,6.132258064516129,22.61111111111111,0.0,0.0,29.0,88.0,0.32954545454545453,13.0,10.0
2018-07-23,21.99,3.0,6.132258064516129,25.055555555555554,0.0,0.0,29.0,88.0,0.32954545454545453,10.0,9.0
2018-07-24,21.99,2.0,6.132258064516129,23.5,0.0,0.0,29.0,88.0,0.32954545454545453,10.0,9.0
2018-07-25,21.99,0.0,6.132258064516129,24.111111111111114,0.0,0.0,29.0,88.0,0.32954545454545453,17.0,13.0
2018-07-26,21.99,0.0,6.132258064516129,26.5,0.0,0.0,29.0,88.0,0.32954545454545453,11.0,10.0
2018-07-27,21.99,1.0,6.132258064516129,22.944444444444443,0.0,0.0,29.0,88.0,0.32954545454545453,14.0,13.0
2018-07-28,21.99,0.0,6.132258064516129,19.0,0.0,0.0,29.0,88.0,0.32954545454545453,5.0,5.0
2018-07-29,21.99,3.0,6.132258064516129,18.111111111111107,0.0,2.0,29.0,90.0,0.32222222222222224,26.0,21.0
2018-07-30,21.99,5.0,6.132258064516129,19.833333333333332,0.0,2.0,29.0,92.0,0.31521739130434784,42.0,35.0
2018-07-31,21.99,1.0,6.132258064516129,19.66666666666667,0.0,0.0,29.0,92.0,0.31521739130434784,47.0,34.0
2018-08-01,21.99,5.0,6.132258064516129,19.333333333333332,0.0,0.0,29.0,92.0,0.31521739130434784,34.0,27.0
2018-08-02,21.99,0.0,6.132258064516129,22.11111111111111,0.0,0.0,29.0,92.0,0.31521739130434784,36.0,31.0
2018-08-03,21.99,2.0,6.132258064516129,25.055555555555554,0.0,0.0,29.0,92.0,0.31521739130434784,30.0,28.0
2018-08-04,21.99,0.0,6.592068965517241,23.555555555555557,0.0,0.0,29.0,92.0,0.31521739130434784,50.0,35.0
2018-08-05,21.99,2.0,6.592068965517241,23.166666666666668,0.0,0.0,29.0,92.0,0.31521739130434784,41.0,34.0
2018-08-06,21.99,2.0,6.592068965517241,24.27777777777778,-3.0,0.0,26.0,92.0,0.2826086956521739,47.0,23.0
2018-08-07,21.99,1.0,6.592068965517241,23.22222222222222,0.0,0.0,26.0,92.0,0.2826086956521739,45.0,26.0
2018-08-08,21.99,0.0,6.592068965517241,19.111111111111114,0.0,0.0,26.0,92.0,0.2826086956521739,51.0,34.0
2018-08-09,21.99,6.0,6.592068965517241,15.61111111111111,0.0,2.0,26.0,94.0,0.2765957446808511,55.0,35.0
2018-08-10,21.99,1.0,6.592068965517241,15.222222222222221,0.0,0.0,26.0,94.0,0.2765957446808511,71.0,54.0
2018-08-11,21.99,6.0,6.592068965517241,15.0,0.0,0.0,26.0,94.0,0.2765957446808511,66.0,51.0
2018-08-12,21.99,0.0,6.592068965517241,18.22222222222222,0.0,0.0,26.0,94.0,0.2765957446808511,47.0,36.0
2018-08-13,21.99,2.0,6.592068965517241,19.388888888888893,0.0,0.0,26.0,94.0,0.2765957446808511,55.0,47.0
2018-08-14,21.99,0.0,6.592068965517241,19.166666666666668,0.0,0.0,26.0,94.0,0.2765957446808511,44.0,38.0
2018-08-15,21.99,5.0,6.592068965517241,19.72222222222222,0.0,0.0,26.0,94.0,0.2765957446808511,40.0,33.0
2018-08-16,21.99,1.0,6.592068965517241,17.61111111111111,0.0,0.0,26.0,94.0,0.2765957446808511,55.0,46.0
2018-08-17,21.99,3.0,6.592068965517241,17.27777777777778,0.0,0.0,26.0,94.0,0.2765957446808511,78.0,47.0
2018-08-18,21.99,1.0,6.592068965517241,18.833333333333336,0.0,0.0,26.0,94.0,0.2765957446808511,54.0,39.0
2018-08-19,21.99,1.0,6.592068965517241,20.666666666666668,0.0,2.0,26.0,96.0,0.2708333333333333,37.0,33.0
2018-08-20,21.99,2.0,6.592068965517241,21.27777777777778,2.0,0.0,28.0,96.0,0.2916666666666667,52.0,42.0
2018-08-21,21.99,1.0,6.592068965517241,21.5,0.0,0.0,28.0,96.0,0.2916666666666667,41.0,31.0
2018-08-22,21.99,5.0,6.592068965517241,19.055555555555557,0.0,0.0,28.0,96.0,0.2916666666666667,55.0,44.0
2018-08-23,21.99,0.0,6.592068965517241,18.77777777777778,0.0,0.0,28.0,96.0,0.2916666666666667,53.0,42.0
2018-08-24,21.99,5.0,6.592068965517241,13.944444444444445,0.0,0.0,28.0,96.0,0.2916666666666667,51.0,42.0
2018-08-25,21.99,4.0,6.592068965517241,12.944444444444443,0.0,0.0,28.0,96.0,0.2916666666666667,46.0,34.0
2018-08-26,21.99,2.0,6.592068965517241,14.38888888888889,0.0,0.0,28.0,96.0,0.2916666666666667,48.0,37.0
2018-08-27,22.99,4.0,6.592068965517241,16.72222222222222,0.0,0.0,28.0,96.0,0.2916666666666667,37.0,23.0
2018-08-28,24.656666666666666,6.0,6.592068965517241,16.5,0.0,-1.0,28.0,95.0,0.29473684210526313,34.0,21.0
2018-08-29,25.99,5.0,6.592068965517241,15.833333333333334,1.0,0.0,29.0,95.0,0.30526315789473685,38.0,24.0
2018-08-30,25.41857142857143,7.0,6.592068965517241,15.38888888888889,2.0,0.0,31.0,95.0,0.3263157894736842,38.0,24.0
2018-08-31,25.99,1.0,6.592068965517241,16.5,0.0,4.0,31.0,99.0,0.31313131313131315,24.0,13.0
2018-09-01,25.99,3.0,6.592068965517241,17.83333333333333,0.0,2.0,31.0,101.0,0.3069306930693069,25.0,18.0
2018-09-02,25.99,3.0,6.592068965517241,18.166666666666668,0.0,0.0,31.0,101.0,0.3069306930693069,22.0,15.0
2018-09-03,25.99,1.0,9.052962962962964,18.277777777777782,0.0,1.0,31.0,102.0,0.30392156862745096,29.0,20.0
2018-09-04,25.99,2.0,9.052962962962964,16.38888888888889,0.0,0.0,31.0,102.0,0.30392156862745096,36.0,21.0
2018-09-05,25.99,6.0,9.052962962962964,17.666666666666668,2.0,0.0,33.0,102.0,0.3235294117647059,24.0,17.0
2018-09-06,25.99,4.0,9.052962962962964,15.777777777777779,0.0,0.0,33.0,102.0,0.3235294117647059,34.0,23.0
2018-09-07,25.99,3.0,9.052962962962964,13.499999999999998,0.0,0.0,33.0,102.0,0.3235294117647059,28.0,22.0
2018-09-08,25.99,1.0,9.052962962962964,15.055555555555555,0.0,0.0,33.0,102.0,0.3235294117647059,32.0,20.0
2018-09-09,25.99,2.0,9.052962962962964,18.22222222222222,0.0,-2.0,33.0,100.0,0.33,22.0,19.0
2018-09-10,25.99,5.0,9.052962962962964,17.22222222222222,0.0,2.0,33.0,102.0,0.3235294117647059,27.0,18.0
2018-09-11,25.99,3.0,9.052962962962964,19.222222222222218,0.0,0.0,33.0,102.0,0.3235294117647059,18.0,13.0
2018-09-12,25.99,2.0,9.052962962962964,13.61111111111111,3.0,2.0,36.0,104.0,0.34615384615384615,33.0,23.0
2018-09-13,25.99,3.0,9.052962962962964,13.055555555555555,0.0,0.0,36.0,104.0,0.34615384615384615,27.0,17.0
2018-09-14,25.99,2.0,9.052962962962964,13.944444444444445,0.0,0.0,36.0,104.0,0.34615384615384615,26.0,18.0
2018-09-15,25.99,4.0,9.052962962962964,15.555555555555555,0.0,4.0,36.0,108.0,0.3333333333333333,23.0,17.0
2018-09-16,25.99,1.0,9.052962962962964,17.83333333333333,0.0,-2.0,36.0,106.0,0.33962264150943394,27.0,18.0
2018-09-17,25.99,1.0,9.052962962962964,20.33333333333333,3.0,-2.0,39.0,104.0,0.375,41.0,23.0
2018-09-18,25.99,2.0,9.052962962962964,19.166666666666668,0.0,2.0,39.0,106.0,0.36792452830188677,24.0,15.0
2018-09-19,25.99,5.0,9.052962962962964,19.0,0.0,0.0,39.0,106.0,0.36792452830188677,49.0,32.0
2018-09-20,25.99,2.0,9.052962962962964,18.72222222222222,0.0,0.0,39.0,106.0,0.36792452830188677,47.0,31.0
2018-09-21,25.99,2.0,9.052962962962964,13.833333333333334,2.0,0.0,41.0,106.0,0.3867924528301887,60.0,37.0
2018-09-22,25.99,4.0,9.052962962962964,11.500000000000002,0.0,0.0,41.0,106.0,0.3867924528301887,44.0,29.0
2018-09-23,25.99,6.0,9.052962962962964,10.388888888888891,0.0,0.0,41.0,106.0,0.3867924528301887,50.0,38.0
2018-09-24,25.990000000000002,7.0,9.052962962962964,10.222222222222221,2.0,0.0,43.0,106.0,0.4056603773584906,49.0,32.0
2018-09-25,25.99,3.0,9.052962962962964,10.61111111111111,0.0,0.0,43.0,106.0,0.4056603773584906,42.0,29.0
2018-09-26,25.99,5.0,9.052962962962964,13.833333333333334,0.0,0.0,43.0,106.0,0.4056603773584906,57.0,39.0
2018-09-27,25.99,2.0,9.052962962962964,15.333333333333334,0.0,1.0,43.0,107.0,0.40186915887850466,74.0,41.0
2018-09-28,25.99,6.0,9.052962962962964,13.499999999999998,2.0,0.0,45.0,107.0,0.4205607476635514,60.0,40.0
2018-09-29,25.99,4.0,9.052962962962964,10.999999999999998,0.0,0.0,45.0,107.0,0.4205607476635514,42.0,35.0
2018-09-30,25.99,4.0,9.052962962962964,10.277777777777779,3.0,2.0,48.0,109.0,0.44036697247706424,51.0,39.0
2018-10-01,25.99,2.0,12.0859375,11.055555555555555,0.0,0.0,48.0,109.0,0.44036697247706424,60.0,37.0
2018-10-02,25.99,4.0,12.0859375,15.5,0.0,-2.0,48.0,107.0,0.4485981308411215,63.0,41.0
2018-10-03,25.99,4.0,12.0859375,15.222222222222221,4.0,0.0,52.0,107.0,0.48598130841121495,68.0,43.0
2018-10-04,25.990000000000002,9.0,12.0859375,13.777777777777777,2.0,0.0,54.0,107.0,0.5046728971962616,78.0,44.0
2018-10-05,25.99,4.0,12.0859375,15.833333333333334,0.0,0.0,54.0,107.0,0.5046728971962616,87.0,33.0
2018-10-06,25.99,7.0,12.0859375,10.055555555555555,2.0,0.0,56.0,107.0,0.5233644859813084,87.0,50.0
2018-10-07,25.990000000000002,10.0,12.0859375,9.722222222222221,0.0,0.0,56.0,107.0,0.5233644859813084,94.0,58.0
2018-10-08,25.990000000000002,8.0,12.0859375,11.555555555555554,0.0,-2.0,56.0,105.0,0.5333333333333333,117.0,65.0
2018-10-09,25.99,5.0,12.0859375,14.333333333333334,0.0,0.0,56.0,105.0,0.5333333333333333,98.0,62.0
2018-10-10,25.99,5.0,12.0859375,16.11111111111111,0.0,0.0,56.0,105.0,0.5333333333333333,88.0,43.0
2018-10-11,25.99,6.0,12.0859375,16.833333333333332,0.0,-2.0,56.0,103.0,0.5436893203883495,84.0,45.0
2018-10-12,25.99,5.0,12.0859375,18.000000000000004,0.0,0.0,56.0,103.0,0.5436893203883495,75.0,51.0
2018-10-13,25.99,5.0,12.0859375,20.38888888888889,0.0,0.0,56.0,103.0,0.5436893203883495,59.0,36.0
2018-10-14,25.99,6.0,12.0859375,12.833333333333334,0.0,0.0,56.0,103.0,0.5436893203883495,82.0,58.0
2018-10-15,25.990000000000002,7.0,12.0859375,12.444444444444445,0.0,2.0,56.0,105.0,0.5333333333333333,87.0,63.0
2018-10-16,25.99,6.0,12.0859375,15.666666666666666,0.0,-4.0,56.0,101.0,0.5544554455445545,114.0,73.0
2018-10-17,25.99,5.0,12.0859375,13.555555555555555,0.0,0.0,56.0,101.0,0.5544554455445545,102.0,58.0
2018-10-18,25.99,4.0,12.0859375,12.111111111111109,0.0,2.0,56.0,103.0,0.5436893203883495,91.0,71.0
2018-10-19,25.99,4.0,12.0859375,10.0,0.0,-2.0,56.0,101.0,0.5544554455445545,88.0,68.0
2018-10-20,25.99,4.0,12.0859375,11.722222222222221,0.0,0.0,56.0,101.0,0.5544554455445545,79.0,53.0
2018-10-21,25.99,5.0,12.0859375,12.888888888888891,2.0,0.0,58.0,101.0,0.5742574257425742,81.0,58.0
2018-10-22,25.990000000000002,7.0,12.0859375,10.0,0.0,-2.0,58.0,99.0,0.5858585858585859,91.0,58.0
2018-10-23,25.99,5.0,12.0859375,10.833333333333334,0.0,0.0,58.0,99.0,0.5858585858585859,83.0,60.0
2018-10-24,25.99,3.0,12.0859375,12.777777777777779,2.0,0.0,60.0,99.0,0.6060606060606061,87.0,53.0
2018-10-25,25.99,4.0,12.0859375,9.666666666666666,0.0,0.0,60.0,99.0,0.6060606060606061,74.0,53.0
2018-10-26,25.99,1.0,12.0859375,8.61111111111111,0.0,2.0,60.0,101.0,0.594059405940594,75.0,53.0
2018-10-27,25.99,4.0,12.0859375,4.61111111111111,0.0,0.0,60.0,101.0,0.594059405940594,91.0,56.0
2018-10-28,25.99,4.0,12.0859375,6.111111111111111,0.0,0.0,60.0,101.0,0.594059405940594,118.0,84.0
2018-10-29,25.990000000000002,10.0,12.0859375,5.055555555555556,0.0,0.0,60.0,101.0,0.594059405940594,58.0,47.0
2018-10-30,25.990000000000002,8.0,12.0859375,6.277777777777776,0.0,0.0,60.0,101.0,0.594059405940594,83.0,57.0
2018-10-31,25.99,4.0,12.0859375,7.222222222222222,0.0,0.0,60.0,101.0,0.594059405940594,62.0,46.0
2018-11-01,25.99,7.0,12.0859375,8.666666666666666,0.0,0.0,60.0,101.0,0.594059405940594,83.0,47.0
2018-11-02,25.99,4.0,12.0859375,5.666666666666668,2.0,4.0,62.0,105.0,0.5904761904761905,97.0,62.0
2018-11-03,25.990000000000002,8.0,7.23896551724138,8.555555555555555,0.0,0.0,62.0,105.0,0.5904761904761905,89.0,59.0
2018-11-04,25.99,5.0,7.23896551724138,10.5,0.0,1.0,62.0,106.0,0.5849056603773585,60.0,39.0
2018-11-05,25.99,8.0,7.23896551724138,11.38888888888889,0.0,-4.0,62.0,102.0,0.6078431372549019,118.0,61.0
2018-11-06,25.990000000000002,10.0,7.23896551724138,12.722222222222221,0.0,0.0,62.0,102.0,0.6078431372549019,74.0,54.0
2018-11-07,25.99,6.0,7.23896551724138,11.61111111111111,0.0,0.0,62.0,102.0,0.6078431372549019,80.0,49.0
2018-11-08,25.990000000000002,8.0,7.23896551724138,9.5,0.0,2.0,62.0,104.0,0.5961538461538461,60.0,40.0
2018-11-09,25.990000000000002,7.0,7.23896551724138,10.61111111111111,0.0,1.0,62.0,105.0,0.5904761904761905,50.0,42.0
2018-11-10,25.99,3.0,7.23896551724138,10.88888888888889,0.0,0.0,62.0,105.0,0.5904761904761905,63.0,42.0
2018-11-11,25.99,3.0,7.23896551724138,10.222222222222221,0.0,0.0,62.0,105.0,0.5904761904761905,41.0,34.0
2018-11-12,25.990000000000006,11.0,7.23896551724138,10.944444444444446,1.0,0.0,63.0,105.0,0.6,79.0,49.0
2018-11-13,26.740000000000002,8.0,7.23896551724138,10.222222222222221,0.0,0.0,63.0,105.0,0.6,60.0,44.0
2018-11-14,27.490000000000002,8.0,7.23896551724138,11.277777777777777,0.0,0.0,63.0,105.0,0.6,46.0,29.0
2018-11-15,27.99,3.0,7.23896551724138,12.5,0.0,0.0,63.0,105.0,0.6,47.0,32.0
2018-11-16,27.99,1.0,7.23896551724138,10.277777777777779,0.0,0.0,63.0,105.0,0.6,39.0,28.0
2018-11-17,27.99,5.0,7.23896551724138,8.61111111111111,0.0,0.0,63.0,105.0,0.6,56.0,38.0
2018-11-18,27.99,4.0,7.23896551724138,7.3888888888888875,0.0,0.0,63.0,105.0,0.6,46.0,34.0
2018-11-19,27.99,4.0,7.23896551724138,6.722222222222223,0.0,-2.0,63.0,103.0,0.6116504854368932,47.0,33.0
2018-11-20,27.990000000000002,7.0,7.23896551724138,4.055555555555554,4.0,1.0,67.0,104.0,0.6442307692307693,61.0,44.0
2018-11-21,27.99,4.0,7.23896551724138,3.7222222222222237,2.0,0.0,69.0,104.0,0.6634615384615384,68.0,44.0
2018-11-22,27.99,6.0,7.23896551724138,2.8888888888888906,0.0,0.0,69.0,104.0,0.6634615384615384,76.0,42.0
2018-11-23,27.99,2.0,7.23896551724138,6.833333333333332,0.0,4.0,69.0,108.0,0.6388888888888888,63.0,52.0
2018-11-24,27.99,5.0,7.23896551724138,8.11111111111111,2.0,2.0,71.0,110.0,0.6454545454545455,64.0,41.0
2018-11-25,27.990000000000006,11.0,7.23896551724138,7.11111111111111,0.0,0.0,71.0,110.0,0.6454545454545455,74.0,50.0
2018-11-26,27.99,5.0,7.23896551724138,6.166666666666668,0.0,2.0,71.0,112.0,0.6339285714285714,88.0,60.0
2018-11-27,27.990000000000002,8.0,7.23896551724138,5.888888888888889,0.0,0.0,71.0,112.0,0.6339285714285714,72.0,53.0
2018-11-28,27.990000000000002,7.0,7.23896551724138,11.88888888888889,0.0,0.0,71.0,112.0,0.6339285714285714,81.0,53.0
2018-11-29,27.99,5.0,7.23896551724138,11.88888888888889,0.0,-2.0,71.0,110.0,0.6454545454545455,86.0,60.0
2018-11-30,27.99,6.0,7.23896551724138,8.499999999999998,0.0,2.0,71.0,112.0,0.6339285714285714,61.0,40.0
2018-12-01,27.990000000000002,7.0,7.23896551724138,10.333333333333334,0.0,2.0,71.0,114.0,0.6228070175438597,71.0,48.0
2018-12-02,27.99,3.0,7.23896551724138,13.61111111111111,0.0,4.0,71.0,118.0,0.6016949152542372,79.0,56.0
2018-12-03,27.990000000000006,15.0,6.058000000000001,10.722222222222221,0.0,-4.0,71.0,114.0,0.6228070175438597,75.0,53.0
2018-12-04,27.99,5.0,6.058000000000001,5.444444444444443,0.0,-2.0,71.0,112.0,0.6339285714285714,92.0,65.0
2018-12-05,27.990000000000002,19.0,6.058000000000001,10.333333333333334,0.0,5.0,71.0,117.0,0.6068376068376068,86.0,66.0
2018-12-06,27.990000000000002,8.0,6.058000000000001,11.88888888888889,0.0,6.0,71.0,123.0,0.5772357723577236,73.0,45.0
2018-12-07,27.990000000000006,11.0,6.058000000000001,10.0,0.0,6.0,71.0,129.0,0.5503875968992248,95.0,63.0
2018-12-08,27.990000000000002,10.0,6.058000000000001,9.611111111111109,0.0,1.0,71.0,130.0,0.5461538461538461,56.0,39.0
2018-12-09,27.990000000000002,9.0,6.058000000000001,8.833333333333334,0.0,4.0,71.0,134.0,0.5298507462686567,84.0,52.0
2018-12-10,28.65666666666667,9.0,6.058000000000001,7.277777777777778,0.0,6.0,71.0,140.0,0.5071428571428571,94.0,48.0
2018-12-11,29.44454545454546,11.0,6.058000000000001,5.277777777777778,0.0,0.0,71.0,140.0,0.5071428571428571,76.0,54.0
2018-12-12,29.656666666666666,6.0,6.058000000000001,5.499999999999999,0.0,0.0,71.0,140.0,0.5071428571428571,56.0,38.0
2018-12-13,29.99,4.0,6.058000000000001,2.4444444444444438,0.0,2.0,71.0,142.0,0.5,66.0,47.0
2018-12-14,29.990000000000002,9.0,6.058000000000001,1.9444444444444444,0.0,0.0,71.0,142.0,0.5,66.0,44.0
2018-12-15,29.990000000000006,12.0,6.058000000000001,3.555555555555555,0.0,0.0,71.0,142.0,0.5,71.0,49.0
2018-12-16,29.990000000000006,12.0,6.058000000000001,6.888888888888888,0.0,0.0,71.0,142.0,0.5,70.0,46.0
2018-12-17,29.990000000000006,12.0,6.058000000000001,7.444444444444445,0.0,0.0,71.0,142.0,0.5,74.0,52.0
2018-12-18,29.990000000000002,10.0,6.058000000000001,9.277777777777779,3.0,0.0,74.0,142.0,0.5211267605633803,103.0,63.0
2018-12-19,29.990000000000006,15.0,6.058000000000001,7.722222222222222,0.0,3.0,74.0,145.0,0.5103448275862069,64.0,45.0
2018-12-20,29.990000000000002,8.0,6.058000000000001,8.38888888888889,0.0,0.0,74.0,145.0,0.5103448275862069,68.0,39.0
2018-12-21,29.990000000000002,9.0,6.058000000000001,11.61111111111111,0.0,1.0,74.0,146.0,0.5068493150684932,50.0,30.0
2018-12-22,29.990000000000006,11.0,6.058000000000001,9.944444444444445,0.0,0.0,74.0,146.0,0.5068493150684932,58.0,41.0
2018-12-23,29.99,4.0,6.058000000000001,9.333333333333332,0.0,-2.0,74.0,144.0,0.5138888888888888,32.0,26.0
2018-12-24,29.99,2.0,6.058000000000001,5.277777777777778,0.0,0.0,74.0,144.0,0.5138888888888888,41.0,19.0
2018-12-25,29.99,0.0,6.058000000000001,5.333333333333334,0.0,0.0,74.0,144.0,0.5138888888888888,21.0,16.0
2018-12-26,29.99,5.0,6.058000000000001,7.444444444444445,0.0,2.0,74.0,146.0,0.5068493150684932,46.0,34.0
2018-12-27,29.990000000000002,8.0,6.058000000000001,4.388888888888888,0.0,-2.0,74.0,144.0,0.5138888888888888,66.0,45.0
2018-12-28,29.99,6.0,6.058000000000001,7.833333333333333,0.0,-1.0,74.0,143.0,0.5174825174825175,50.0,32.0
2018-12-29,29.99,4.0,6.058000000000001,10.055555555555555,0.0,2.0,74.0,145.0,0.5103448275862069,50.0,38.0
2018-12-30,29.99,3.0,6.058000000000001,9.333333333333332,2.0,0.0,76.0,145.0,0.5241379310344828,43.0,36.0
2018-12-31,29.99,2.0,6.058000000000001,9.333333333333332,0.0,2.0,76.0,147.0,0.5170068027210885,35.0,23.0
2019-01-01,29.99,0.0,6.058000000000001,8.38888888888889,0.0,0.0,76.0,147.0,0.5170068027210885,18.0,5.0
2019-01-02,28.99,2.0,6.058000000000001,5.222222222222221,0.0,2.0,76.0,149.0,0.5100671140939598,41.0,19.0
2019-01-03,27.99,2.0,9.534333333333333,4.777777777777779,4.0,2.0,80.0,151.0,0.5298013245033113,46.0,22.0
2019-01-04,27.99,2.0,9.534333333333333,2.944444444444443,2.0,-1.0,82.0,150.0,0.5466666666666666,102.0,50.0
2019-01-05,27.99,6.0,9.534333333333333,4.555555555555557,0.0,4.0,82.0,154.0,0.5324675324675324,68.0,46.0
2019-01-06,27.99,3.0,9.534333333333333,7.777777777777778,-2.0,0.0,80.0,154.0,0.5194805194805194,86.0,43.0
2019-01-07,27.99,4.0,9.534333333333333,9.333333333333332,0.0,4.0,80.0,158.0,0.5063291139240507,77.0,34.0
2019-01-08,28.656666666666666,3.0,9.534333333333333,7.055555555555557,0.0,-1.0,80.0,157.0,0.5095541401273885,72.0,42.0
2019-01-09,27.990000000000002,8.0,9.534333333333333,4.111111111111111,0.0,0.0,80.0,157.0,0.5095541401273885,73.0,44.0
2019-01-10,27.99,2.0,9.534333333333333,3.444444444444446,0.0,0.0,80.0,157.0,0.5095541401273885,82.0,44.0
2019-01-11,26.389999999999997,6.0,9.534333333333333,7.5,4.0,0.0,84.0,157.0,0.535031847133758,81.0,45.0
2019-01-12,26.171818181818185,11.0,9.534333333333333,8.944444444444445,0.0,2.0,84.0,159.0,0.5283018867924528,96.0,53.0
2019-01-13,25.990000000000002,10.0,9.534333333333333,10.5,2.0,0.0,86.0,159.0,0.5408805031446541,93.0,50.0
2019-01-14,25.99,7.0,9.534333333333333,7.777777777777778,2.0,4.0,88.0,163.0,0.5398773006134969,79.0,44.0
2019-01-15,25.990000000000002,9.0,9.534333333333333,6.7777777777777795,2.0,0.0,90.0,163.0,0.5521472392638037,84.0,45.0
2019-01-16,25.99,3.0,9.534333333333333,7.333333333333335,0.0,0.0,90.0,163.0,0.5521472392638037,73.0,47.0
2019-01-17,25.99,6.0,9.534333333333333,3.3333333333333335,0.0,2.0,90.0,165.0,0.5454545454545454,247.0,129.0
2019-01-18,25.990000000000006,13.0,9.534333333333333,2.333333333333335,0.0,2.0,90.0,167.0,0.5389221556886228,109.0,67.0
2019-01-19,25.990000000000002,9.0,9.534333333333333,4.000000000000002,0.0,0.0,90.0,167.0,0.5389221556886228,119.0,70.0
2019-01-20,25.990000000000002,7.0,9.534333333333333,1.8888888888888882,0.0,0.0,90.0,167.0,0.5389221556886228,74.0,51.0
2019-01-21,25.990000000000006,15.0,9.534333333333333,2.000000000000001,0.0,-2.0,90.0,165.0,0.5454545454545454,93.0,64.0
2019-01-22,25.990000000000006,12.0,9.534333333333333,3.1666666666666683,4.0,2.0,94.0,167.0,0.562874251497006,98.0,66.0
2019-01-23,25.990000000000002,9.0,9.534333333333333,1.5000000000000016,2.0,2.0,96.0,169.0,0.5680473372781065,105.0,67.0
2019-01-24,25.990000000000006,16.0,9.534333333333333,1.3888888888888888,2.0,0.0,98.0,169.0,0.5798816568047337,115.0,66.0
2019-01-25,25.990000000000002,8.0,9.534333333333333,7.166666666666667,0.0,-2.0,98.0,167.0,0.5868263473053892,78.0,49.0
2019-01-26,25.99,6.0,9.534333333333333,8.277777777777779,0.0,0.0,98.0,167.0,0.5868263473053892,96.0,49.0
2019-01-27,25.990000000000002,9.0,9.534333333333333,5.7222222222222205,0.0,0.0,98.0,167.0,0.5868263473053892,124.0,73.0
2019-01-28,25.990000000000006,12.0,9.534333333333333,2.8888888888888906,0.0,-3.0,98.0,164.0,0.5975609756097561,135.0,85.0
2019-01-29,25.990000000000002,9.0,9.534333333333333,2.055555555555557,0.0,1.0,98.0,165.0,0.593939393939394,79.0,46.0
2019-01-30,26.212222222222223,10.0,9.534333333333333,1.3333333333333326,0.0,0.0,98.0,165.0,0.593939393939394,136.0,73.0
2019-01-31,25.990000000000006,18.0,9.534333333333333,-0.11111111111111072,0.0,-2.0,98.0,163.0,0.6012269938650306,106.0,65.0
2019-02-01,25.990000000000006,16.0,9.534333333333333,1.6666666666666667,0.0,2.0,98.0,165.0,0.593939393939394,104.0,58.0
2019-02-02,25.990000000000002,9.0,9.534333333333333,2.7222222222222214,0.0,1.0,98.0,166.0,0.5903614457831325,110.0,74.0
2019-02-03,25.990000000000006,14.0,11.296296296296296,2.166666666666666,0.0,-1.0,98.0,165.0,0.593939393939394,80.0,53.0
2019-02-04,25.990000000000002,9.0,11.296296296296296,7.166666666666667,0.0,-3.0,98.0,162.0,0.6049382716049383,109.0,58.0
2019-02-05,25.990000000000006,12.0,11.296296296296296,6.666666666666667,2.0,0.0,100.0,162.0,0.6172839506172839,113.0,67.0
2019-02-06,25.990000000000006,12.0,11.296296296296296,9.055555555555554,0.0,-2.0,100.0,160.0,0.625,103.0,68.0
2019-02-07,25.990000000000006,15.0,11.296296296296296,7.944444444444443,0.0,-1.0,100.0,159.0,0.6289308176100629,65.0,44.0
2019-02-08,25.990000000000002,8.0,11.296296296296296,9.11111111111111,0.0,2.0,100.0,161.0,0.6211180124223602,101.0,63.0
2019-02-09,25.990000000000002,10.0,11.296296296296296,8.277777777777779,0.0,0.0,100.0,161.0,0.6211180124223602,92.0,59.0
2019-02-10,25.990000000000002,11.0,11.296296296296296,5.833333333333333,0.0,-1.0,100.0,160.0,0.625,68.0,51.0
2019-02-11,25.990000000000006,11.0,11.296296296296296,5.888888888888889,0.0,0.0,100.0,160.0,0.625,111.0,64.0
2019-02-12,25.990000000000002,9.0,11.296296296296296,6.666666666666667,0.0,0.0,100.0,160.0,0.625,106.0,64.0
2019-02-13,25.990000000000006,12.0,11.296296296296296,7.666666666666665,0.0,-2.0,100.0,158.0,0.6329113924050633,83.0,48.0
2019-02-14,25.99,5.0,11.296296296296296,6.222222222222224,0.0,-1.0,100.0,157.0,0.6369426751592356,51.0,32.0
2019-02-15,25.99,2.0,11.296296296296296,6.722222222222223,0.0,2.0,100.0,159.0,0.6289308176100629,64.0,43.0
2019-02-16,25.99,6.0,11.296296296296296,8.777777777777777,0.0,2.0,100.0,161.0,0.6211180124223602,85.0,53.0
2019-02-17,25.990000000000002,8.0,11.296296296296296,9.5,0.0,4.0,100.0,165.0,0.6060606060606061,51.0,37.0
2019-02-18,25.990000000000002,8.0,11.296296296296296,7.833333333333333,2.0,-4.0,102.0,161.0,0.6335403726708074,72.0,45.0
2019-02-19,25.99,5.0,11.296296296296296,7.11111111111111,5.0,2.0,107.0,163.0,0.656441717791411,82.0,55.0
2019-02-20,25.990000000000002,11.0,11.296296296296296,8.777777777777777,2.0,0.0,109.0,163.0,0.6687116564417178,75.0,44.0
2019-02-21,25.990000000000006,12.0,11.296296296296296,10.055555555555555,4.0,4.0,113.0,167.0,0.6766467065868264,71.0,34.0
2019-02-22,25.99,6.0,11.296296296296296,8.777777777777777,0.0,0.0,113.0,167.0,0.6766467065868264,76.0,42.0
2019-02-23,25.99,3.0,11.296296296296296,9.888888888888888,0.0,2.0,113.0,169.0,0.6686390532544378,45.0,31.0
2019-02-24,25.99,5.0,11.296296296296296,8.722222222222223,0.0,2.0,113.0,171.0,0.6608187134502924,51.0,37.0
2019-02-25,25.99,6.0,11.296296296296296,9.333333333333332,2.0,0.0,115.0,171.0,0.672514619883041,84.0,46.0
2019-02-26,25.990000000000002,7.0,11.296296296296296,10.333333333333334,0.0,2.0,115.0,173.0,0.6647398843930635,54.0,36.0
2019-02-27,25.990000000000002,8.0,11.296296296296296,10.555555555555555,2.0,2.0,117.0,175.0,0.6685714285714286,65.0,42.0
2019-02-28,26.389999999999997,5.0,11.296296296296296,9.444444444444445,2.0,0.0,119.0,175.0,0.68,69.0,45.0
2019-03-01,26.99,5.0,11.296296296296296,9.444444444444445,0.0,0.0,119.0,175.0,0.68,62.0,41.0
2019-03-02,26.99,3.0,11.296296296296296,10.88888888888889,2.0,0.0,121.0,175.0,0.6914285714285714,60.0,34.0
2019-03-03,26.99,3.0,8.164666666666667,10.833333333333334,2.0,0.0,123.0,175.0,0.7028571428571428,88.0,47.0
2019-03-04,27.262727272727275,11.0,8.164666666666667,6.666666666666667,4.0,2.0,127.0,177.0,0.7175141242937854,62.0,42.0
2019-03-05,26.99,6.0,8.164666666666667,7.88888888888889,0.0,0.0,127.0,177.0,0.7175141242937854,79.0,48.0
2019-03-06,26.990000000000006,11.0,8.164666666666667,10.444444444444443,2.0,-2.0,129.0,175.0,0.7371428571428571,104.0,58.0
2019-03-07,26.990000000000002,7.0,8.164666666666667,8.222222222222221,2.0,0.0,131.0,175.0,0.7485714285714286,64.0,42.0
2019-03-08,26.990000000000002,9.0,8.164666666666667,7.5,0.0,0.0,131.0,175.0,0.7485714285714286,62.0,38.0
2019-03-09,26.99,6.0,8.164666666666667,9.333333333333332,0.0,-2.0,131.0,173.0,0.7572254335260116,63.0,47.0
2019-03-10,26.99,6.0,8.164666666666667,7.333333333333335,2.0,2.0,133.0,175.0,0.76,102.0,66.0
2019-03-11,26.99,6.0,8.164666666666667,7.000000000000001,0.0,0.0,133.0,175.0,0.76,105.0,65.0
2019-03-12,26.990000000000006,13.0,8.164666666666667,7.11111111111111,0.0,-1.0,133.0,174.0,0.764367816091954,65.0,42.0
2019-03-13,26.990000000000002,9.0,8.164666666666667,8.777777777777777,2.0,0.0,135.0,174.0,0.7758620689655172,71.0,46.0
2019-03-14,26.99,3.0,8.164666666666667,10.5,2.0,0.0,137.0,174.0,0.7873563218390804,73.0,47.0
2019-03-15,26.990000000000006,11.0,8.164666666666667,12.388888888888888,-1.0,0.0,136.0,174.0,0.7816091954022989,77.0,48.0
2019-03-16,26.99,4.0,8.164666666666667,10.999999999999998,0.0,0.0,136.0,174.0,0.7816091954022989,68.0,37.0
2019-03-17,26.99,4.0,8.164666666666667,6.7777777777777795,0.0,0.0,136.0,174.0,0.7816091954022989,59.0,38.0
2019-03-18,26.99,6.0,8.164666666666667,7.11111111111111,0.0,0.0,136.0,174.0,0.7816091954022989,81.0,45.0
2019-03-19,26.990000000000006,11.0,8.164666666666667,9.611111111111109,0.0,0.0,136.0,174.0,0.7816091954022989,90.0,55.0
2019-03-20,26.99,6.0,8.164666666666667,10.944444444444446,2.0,0.0,138.0,174.0,0.7931034482758621,61.0,39.0
2019-03-21,26.990000000000002,7.0,8.164666666666667,11.333333333333334,0.0,0.0,138.0,174.0,0.7931034482758621,54.0,32.0
2019-03-22,26.990000000000002,7.0,8.164666666666667,10.0,1.0,1.0,139.0,175.0,0.7942857142857143,68.0,35.0
2019-03-23,26.990000000000002,9.0,8.164666666666667,10.055555555555555,0.0,4.0,139.0,179.0,0.776536312849162,74.0,35.0
2019-03-24,26.990000000000002,9.0,8.164666666666667,8.555555555555555,0.0,0.0,139.0,179.0,0.776536312849162,43.0,31.0
2019-03-25,26.990000000000002,8.0,8.164666666666667,9.11111111111111,1.0,3.0,140.0,182.0,0.7692307692307693,108.0,59.0
2019-03-26,26.990000000000002,7.0,8.164666666666667,8.166666666666668,0.0,2.0,140.0,184.0,0.7608695652173914,50.0,36.0
2019-03-27,26.99,5.0,8.164666666666667,9.777777777777779,0.0,0.0,140.0,184.0,0.7608695652173914,79.0,49.0
2019-03-28,26.990000000000002,7.0,8.164666666666667,10.666666666666668,-2.0,0.0,138.0,184.0,0.75,69.0,43.0
2019-03-29,26.990000000000006,12.0,8.164666666666667,10.999999999999998,2.0,-2.0,140.0,182.0,0.7692307692307693,43.0,31.0
2019-03-30,26.99,3.0,8.164666666666667,12.666666666666664,0.0,0.0,140.0,182.0,0.7692307692307693,39.0,29.0
2019-03-31,27.365000000000002,8.0,8.164666666666667,9.333333333333332,0.0,0.0,140.0,182.0,0.7692307692307693,71.0,29.0
2019-04-01,26.99,3.0,8.164666666666667,8.38888888888889,2.0,-2.0,142.0,180.0,0.7888888888888889,53.0,29.0
2019-04-02,26.99,4.0,8.164666666666667,5.888888888888889,2.0,2.0,144.0,182.0,0.7912087912087912,57.0,35.0
2019-04-03,26.99,3.0,6.181379310344827,4.333333333333332,0.0,0.0,144.0,182.0,0.7912087912087912,68.0,45.0
2019-04-04,26.99,5.0,6.181379310344827,5.555555555555555,2.0,0.0,146.0,182.0,0.8021978021978022,73.0,43.0
2019-04-05,26.99,3.0,6.181379310344827,9.444444444444445,2.0,-2.0,148.0,180.0,0.8222222222222222,44.0,31.0
2019-04-06,26.99,3.0,6.181379310344827,8.499999999999998,0.0,0.0,148.0,180.0,0.8222222222222222,47.0,28.0
2019-04-07,26.99,3.0,6.181379310344827,9.055555555555554,-2.0,2.0,146.0,182.0,0.8021978021978022,56.0,36.0
2019-04-08,26.99,5.0,6.181379310344827,9.833333333333336,0.0,2.0,146.0,184.0,0.7934782608695652,74.0,37.0
2019-04-09,26.99,4.0,6.181379310344827,9.000000000000002,0.0,0.0,146.0,184.0,0.7934782608695652,59.0,34.0
2019-04-10,26.99,4.0,6.181379310344827,8.333333333333334,2.0,0.0,148.0,184.0,0.8043478260869565,64.0,39.0
2019-04-11,26.990000000000002,7.0,6.181379310344827,6.555555555555554,0.0,1.0,148.0,185.0,0.8,58.0,33.0
2019-04-12,26.99,7.0,6.181379310344827,6.277777777777776,0.0,2.0,148.0,187.0,0.7914438502673797,76.0,41.0
2019-04-13,26.99,2.0,6.181379310344827,5.166666666666665,0.0,2.0,148.0,189.0,0.783068783068783,46.0,30.0
2019-04-14,26.99,5.0,6.181379310344827,5.055555555555556,0.0,0.0,148.0,189.0,0.783068783068783,55.0,38.0
2019-04-15,26.990000000000002,9.0,6.181379310344827,8.833333333333334,0.0,-2.0,148.0,187.0,0.7914438502673797,73.0,47.0
2019-04-16,26.990000000000002,9.0,6.181379310344827,10.833333333333334,0.0,0.0,148.0,187.0,0.7914438502673797,51.0,33.0
2019-04-17,26.99,5.0,6.181379310344827,12.444444444444445,0.0,-2.0,148.0,185.0,0.8,68.0,44.0
2019-04-18,26.99,2.0,6.181379310344827,14.055555555555554,0.0,0.0,148.0,185.0,0.8,33.0,22.0
2019-04-19,26.99,4.0,6.181379310344827,15.833333333333334,0.0,2.0,148.0,187.0,0.7914438502673797,18.0,15.0
2019-04-20,26.99,3.0,6.181379310344827,16.555555555555557,0.0,0.0,148.0,187.0,0.7914438502673797,28.0,24.0
2019-04-21,26.99,1.0,6.181379310344827,15.277777777777779,0.0,0.0,148.0,187.0,0.7914438502673797,21.0,16.0
2019-04-22,26.99,2.0,6.181379310344827,16.72222222222222,0.0,4.0,148.0,191.0,0.774869109947644,30.0,23.0
2019-04-23,26.99,3.0,6.181379310344827,15.777777777777779,0.0,0.0,148.0,191.0,0.774869109947644,31.0,26.0
2019-04-24,26.99,4.0,6.181379310344827,13.055555555555555,1.0,0.0,149.0,191.0,0.7801047120418848,52.0,33.0
2019-04-25,26.99,2.0,6.181379310344827,12.333333333333336,0.0,2.0,149.0,193.0,0.772020725388601,46.0,29.0
2019-04-26,26.99,6.0,6.181379310344827,11.166666666666666,0.0,-4.0,149.0,189.0,0.7883597883597884,37.0,26.0
2019-04-27,26.99,2.0,6.181379310344827,9.666666666666666,0.0,0.0,149.0,189.0,0.7883597883597884,33.0,27.0
2019-04-28,26.99,0.0,6.181379310344827,10.5,0.0,0.0,149.0,189.0,0.7883597883597884,50.0,31.0
2019-04-29,26.99,3.0,6.181379310344827,10.5,0.0,0.0,149.0,189.0,0.7883597883597884,40.0,28.0
2019-04-30,26.99,4.0,6.181379310344827,11.944444444444445,0.0,-2.0,149.0,187.0,0.7967914438502673,41.0,28.0
2019-05-01,26.99,4.0,6.181379310344827,11.944444444444445,0.0,0.0,149.0,187.0,0.7967914438502673,49.0,25.0
2019-05-02,26.99,4.0,6.181379310344827,11.38888888888889,0.0,0.0,149.0,187.0,0.7967914438502673,21.0,18.0
2019-05-03,26.99,4.0,4.538666666666667,9.611111111111109,0.0,1.0,149.0,188.0,0.7925531914893617,40.0,27.0
2019-05-04,26.99,3.0,4.538666666666667,7.555555555555555,1.0,0.0,150.0,188.0,0.7978723404255319,57.0,33.0
2019-05-05,26.99,3.0,4.538666666666667,8.0,0.0,0.0,150.0,188.0,0.7978723404255319,49.0,33.0
2019-05-06,26.99,3.0,4.538666666666667,9.055555555555554,0.0,0.0,150.0,188.0,0.7978723404255319,52.0,32.0
2019-05-07,26.99,2.0,4.538666666666667,11.055555555555555,0.0,0.0,150.0,188.0,0.7978723404255319,55.0,34.0
2019-05-08,26.99,3.0,4.538666666666667,10.777777777777779,0.0,0.0,150.0,188.0,0.7978723404255319,70.0,36.0
2019-05-09,26.990000000000006,13.0,4.538666666666667,10.222222222222221,0.0,0.0,150.0,188.0,0.7978723404255319,44.0,28.0
2019-05-10,26.99,1.0,4.538666666666667,10.444444444444443,0.0,0.0,150.0,188.0,0.7978723404255319,52.0,35.0
2019-05-11,26.99,2.0,4.538666666666667,11.666666666666666,0.0,0.0,150.0,188.0,0.7978723404255319,49.0,32.0
2019-05-12,26.99,1.0,4.538666666666667,11.333333333333334,0.0,2.0,150.0,190.0,0.7894736842105263,30.0,22.0
2019-05-13,26.990000000000002,7.0,4.538666666666667,11.61111111111111,0.0,-2.0,150.0,188.0,0.7978723404255319,54.0,27.0
2019-05-14,26.99,4.0,4.538666666666667,12.777777777777779,0.0,0.0,150.0,188.0,0.7978723404255319,57.0,35.0
2019-05-15,26.99,6.0,4.538666666666667,13.333333333333334,2.0,0.0,152.0,188.0,0.8085106382978723,42.0,30.0
2019-05-16,26.99,1.0,4.538666666666667,13.11111111111111,2.0,0.0,154.0,188.0,0.8191489361702128,36.0,24.0
2019-05-17,26.99,6.0,4.538666666666667,11.777777777777779,2.0,3.0,156.0,191.0,0.8167539267015707,51.0,29.0
2019-05-18,26.99,1.0,4.538666666666667,13.555555555555555,1.0,0.0,157.0,191.0,0.8219895287958116,27.0,21.0
2019-05-19,26.99,3.0,4.538666666666667,13.88888888888889,0.0,2.0,157.0,193.0,0.8134715025906736,26.0,17.0
2019-05-20,26.99,2.0,4.538666666666667,15.833333333333334,0.0,0.0,157.0,193.0,0.8134715025906736,53.0,29.0
2019-05-21,26.99,5.0,4.538666666666667,15.666666666666666,0.0,1.0,157.0,194.0,0.8092783505154639,54.0,33.0
2019-05-22,26.99,2.0,4.538666666666667,16.11111111111111,0.0,0.0,157.0,194.0,0.8092783505154639,40.0,26.0
2019-05-23,26.99,3.0,4.538666666666667,17.055555555555557,0.0,0.0,157.0,194.0,0.8092783505154639,39.0,24.0
2019-05-24,26.990000000000002,7.0,4.538666666666667,16.833333333333332,0.0,0.0,157.0,194.0,0.8092783505154639,36.0,20.0
2019-05-25,26.99,5.0,4.538666666666667,18.555555555555557,0.0,0.0,157.0,194.0,0.8092783505154639,43.0,24.0
2019-05-26,26.99,2.0,4.538666666666667,17.22222222222222,0.0,2.0,157.0,196.0,0.8010204081632653,34.0,18.0
2019-05-27,26.99,3.0,4.538666666666667,14.277777777777779,0.0,2.0,157.0,198.0,0.7929292929292929,45.0,34.0
2019-05-28,26.99,3.0,4.538666666666667,12.833333333333334,0.0,-2.0,157.0,196.0,0.8010204081632653,53.0,33.0
2019-05-29,26.99,3.0,4.538666666666667,12.555555555555555,0.0,2.0,157.0,198.0,0.7929292929292929,54.0,38.0
2019-05-30,26.99,5.0,4.538666666666667,18.72222222222222,0.0,0.0,157.0,198.0,0.7929292929292929,41.0,31.0
2019-05-31,26.99,4.0,4.538666666666667,17.0,0.0,0.0,157.0,198.0,0.7929292929292929,29.0,26.0
2019-06-01,26.99,2.0,4.538666666666667,19.27777777777778,0.0,0.0,157.0,198.0,0.7929292929292929,26.0,18.0
2019-06-02,26.99,2.0,4.538666666666667,19.88888888888889,-1.0,0.0,156.0,198.0,0.7878787878787878,28.0,22.0
2019-06-03,26.99,2.0,4.737586206896551,15.61111111111111,2.0,-2.0,158.0,196.0,0.8061224489795918,29.0,18.0
2019-06-04,26.99,3.0,4.737586206896551,14.333333333333334,0.0,2.0,158.0,198.0,0.797979797979798,40.0,26.0
2019-06-05,26.99,2.0,4.737586206896551,15.222222222222221,0.0,0.0,158.0,198.0,0.797979797979798,49.0,27.0
2019-06-06,26.99,6.0,4.737586206896551,14.61111111111111,0.0,0.0,158.0,198.0,0.797979797979798,32.0,22.0
2019-06-07,26.99,1.0,4.737586206896551,14.055555555555554,0.0,2.0,158.0,200.0,0.79,36.0,22.0
2019-06-08,26.99,4.0,4.737586206896551,14.666666666666666,2.0,0.0,160.0,200.0,0.8,37.0,23.0
2019-06-09,26.99,6.0,4.737586206896551,14.277777777777779,0.0,0.0,160.0,200.0,0.8,38.0,24.0
2019-06-10,26.99,3.0,4.737586206896551,11.61111111111111,0.0,0.0,160.0,200.0,0.8,54.0,35.0
2019-06-11,26.99,3.0,4.737586206896551,13.333333333333334,0.0,0.0,160.0,200.0,0.8,57.0,39.0
2019-06-12,26.99,1.0,4.737586206896551,12.777777777777779,0.0,0.0,160.0,200.0,0.8,54.0,38.0
2019-06-13,24.99,3.0,4.737586206896551,12.722222222222221,2.0,0.0,162.0,200.0,0.81,57.0,42.0
2019-06-14,24.990000000000002,10.0,4.737586206896551,15.222222222222221,0.0,2.0,162.0,202.0,0.801980198019802,67.0,40.0
2019-06-15,24.99,5.0,4.737586206896551,14.777777777777779,0.0,0.0,162.0,202.0,0.801980198019802,49.0,26.0
2019-06-16,24.99,3.0,4.737586206896551,15.11111111111111,0.0,-2.0,162.0,200.0,0.81,77.0,43.0
2019-06-17,25.56142857142857,7.0,4.737586206896551,16.72222222222222,0.0,0.0,162.0,200.0,0.81,50.0,31.0
2019-06-18,26.189999999999998,5.0,4.737586206896551,15.666666666666666,0.0,0.0,162.0,200.0,0.81,58.0,39.0
2019-06-19,26.990000000000002,9.0,4.737586206896551,16.61111111111111,0.0,2.0,162.0,202.0,0.801980198019802,51.0,36.0
2019-06-20,26.990000000000002,7.0,4.737586206896551,16.055555555555557,1.0,0.0,163.0,202.0,0.806930693069307,45.0,28.0
2019-06-21,26.99,3.0,4.737586206896551,16.166666666666668,0.0,2.0,163.0,204.0,0.7990196078431373,49.0,34.0
2019-06-22,26.49,4.0,4.737586206896551,17.055555555555557,0.0,0.0,163.0,204.0,0.7990196078431373,41.0,26.0
2019-06-23,26.99,3.0,4.737586206896551,18.61111111111111,0.0,0.0,163.0,204.0,0.7990196078431373,29.0,19.0
2019-06-24,26.99,4.0,4.737586206896551,21.0,0.0,0.0,163.0,204.0,0.7990196078431373,36.0,24.0
2019-06-25,26.99,6.0,4.737586206896551,19.833333333333332,2.0,0.0,165.0,204.0,0.8088235294117647,38.0,25.0
2019-06-26,26.99,2.0,4.737586206896551,17.555555555555557,0.0,0.0,165.0,204.0,0.8088235294117647,53.0,32.0
2019-06-27,26.99,4.0,4.737586206896551,17.5,0.0,0.0,165.0,204.0,0.8088235294117647,43.0,24.0
2019-06-28,26.99,2.0,4.737586206896551,17.944444444444443,0.0,0.0,165.0,204.0,0.8088235294117647,15.0,9.0
2019-06-29,24.99,4.0,4.737586206896551,24.27777777777778,0.0,0.0,165.0,204.0,0.8088235294117647,24.0,20.0
2019-06-30,24.99,1.0,4.737586206896551,19.555555555555557,0.0,0.0,165.0,204.0,0.8088235294117647,29.0,19.0
2019-07-01,24.99,1.0,4.737586206896551,18.111111111111107,0.0,0.0,165.0,204.0,0.8088235294117647,25.0,22.0
2019-07-02,24.99,2.0,4.737586206896551,17.166666666666668,0.0,0.0,165.0,204.0,0.8088235294117647,48.0,30.0
2019-07-03,24.99,2.0,3.779333333333333,18.22222222222222,1.0,0.0,166.0,204.0,0.8137254901960784,31.0,19.0
2019-07-04,24.99,2.0,3.779333333333333,20.0,0.0,2.0,166.0,206.0,0.8058252427184466,24.0,13.0
2019-07-05,24.99,3.0,3.779333333333333,21.5,0.0,0.0,166.0,206.0,0.8058252427184466,27.0,19.0
2019-07-06,24.99,1.0,3.779333333333333,19.777777777777775,0.0,0.0,166.0,206.0,0.8058252427184466,28.0,23.0
2019-07-07,24.99,4.0,3.779333333333333,17.5,0.0,0.0,166.0,206.0,0.8058252427184466,26.0,17.0
2019-07-08,24.99,1.0,3.779333333333333,18.22222222222222,0.0,-2.0,166.0,204.0,0.8137254901960784,44.0,28.0
2019-07-09,24.99,4.0,3.779333333333333,19.61111111111111,0.0,0.0,166.0,204.0,0.8137254901960784,56.0,32.0
2019-07-10,24.99,3.0,3.779333333333333,21.0,0.0,0.0,166.0,204.0,0.8137254901960784,35.0,20.0
2019-07-11,24.99,2.0,3.779333333333333,21.055555555555557,0.0,0.0,166.0,204.0,0.8137254901960784,42.0,27.0
2019-07-12,24.99,3.0,3.779333333333333,20.833333333333332,0.0,0.0,166.0,204.0,0.8137254901960784,33.0,25.0
2019-07-13,24.99,3.0,3.779333333333333,19.27777777777778,2.0,0.0,168.0,204.0,0.8235294117647058,30.0,23.0
2019-07-14,24.99,2.0,3.779333333333333,17.61111111111111,0.0,0.0,168.0,204.0,0.8235294117647058,29.0,20.0
2019-07-15,24.99,0.0,3.779333333333333,17.055555555555557,0.0,2.0,168.0,206.0,0.8155339805825242,31.0,22.0
2019-07-16,24.99,3.0,3.779333333333333,19.72222222222222,0.0,0.0,168.0,206.0,0.8155339805825242,57.0,35.0
2019-07-17,24.99,4.0,3.779333333333333,20.38888888888889,0.0,4.0,168.0,210.0,0.8,39.0,28.0
2019-07-18,24.99,2.0,3.779333333333333,19.166666666666668,0.0,0.0,168.0,210.0,0.8,40.0,27.0
2019-07-19,24.99,1.0,3.779333333333333,16.72222222222222,2.0,0.0,170.0,210.0,0.8095238095238095,34.0,22.0
2019-07-20,24.99,2.0,3.779333333333333,19.66666666666667,0.0,0.0,170.0,210.0,0.8095238095238095,29.0,22.0
2019-07-21,24.99,4.0,3.779333333333333,18.61111111111111,0.0,0.0,170.0,210.0,0.8095238095238095,25.0,20.0
2019-07-22,24.99,1.0,3.779333333333333,21.666666666666668,0.0,0.0,170.0,210.0,0.8095238095238095,32.0,22.0
2019-07-23,24.990000000000002,7.0,3.779333333333333,25.444444444444443,-2.0,0.0,168.0,210.0,0.8,32.0,22.0
2019-07-24,24.99,3.0,3.779333333333333,25.888888888888886,0.0,0.0,168.0,210.0,0.8,28.0,20.0
2019-07-25,24.99,2.0,3.779333333333333,28.666666666666668,0.0,0.0,168.0,210.0,0.8,32.0,19.0
2019-07-26,24.99,1.0,3.779333333333333,22.055555555555557,0.0,0.0,168.0,210.0,0.8,32.0,20.0
2019-07-27,24.99,2.0,3.779333333333333,17.88888888888889,0.0,0.0,168.0,210.0,0.8,32.0,26.0
2019-07-28,24.99,1.0,3.779333333333333,18.944444444444443,0.0,2.0,168.0,212.0,0.7924528301886793,25.0,21.0
2019-07-29,24.99,6.0,3.779333333333333,20.222222222222225,0.0,0.0,168.0,212.0,0.7924528301886793,37.0,23.0
2019-07-30,24.99,3.0,3.779333333333333,18.166666666666668,-2.0,2.0,166.0,214.0,0.7757009345794392,44.0,33.0
2019-07-31,24.99,4.0,3.779333333333333,19.66666666666667,0.0,0.0,166.0,214.0,0.7757009345794392,55.0,38.0
2019-08-01,24.99,1.0,3.779333333333333,20.166666666666668,0.0,2.0,166.0,216.0,0.7685185185185185,42.0,32.0
2019-08-02,24.99,5.0,3.779333333333333,20.611111111111107,0.0,2.0,166.0,218.0,0.7614678899082569,47.0,32.0
2019-08-03,24.99,1.0,3.417666666666667,19.88888888888889,0.0,-2.0,166.0,216.0,0.7685185185185185,30.0,22.0
2019-08-04,24.99,1.0,3.417666666666667,20.33333333333333,0.0,0.0,166.0,216.0,0.7685185185185185,37.0,23.0
2019-08-05,24.990000000000002,9.0,3.417666666666667,20.0,0.0,0.0,166.0,216.0,0.7685185185185185,41.0,27.0
2019-08-06,24.99,4.0,3.417666666666667,19.27777777777778,0.0,0.0,166.0,216.0,0.7685185185185185,58.0,39.0
2019-08-07,24.99,5.0,3.417666666666667,18.666666666666664,0.0,0.0,166.0,216.0,0.7685185185185185,48.0,32.0
2019-08-08,24.99,5.0,3.417666666666667,19.27777777777778,0.0,2.0,166.0,218.0,0.7614678899082569,36.0,21.0
2019-08-09,24.99,3.0,3.417666666666667,20.166666666666668,0.0,2.0,166.0,220.0,0.7545454545454545,62.0,36.0
2019-08-10,24.99,3.0,3.417666666666667,18.944444444444443,0.0,0.0,166.0,220.0,0.7545454545454545,43.0,26.0
2019-08-11,24.99,2.0,3.417666666666667,18.555555555555557,0.0,0.0,166.0,220.0,0.7545454545454545,39.0,27.0
2019-08-12,24.99,4.0,3.417666666666667,15.777777777777779,0.0,0.0,166.0,220.0,0.7545454545454545,50.0,30.0
2019-08-13,24.99,3.0,3.417666666666667,16.77777777777778,0.0,2.0,166.0,222.0,0.7477477477477478,53.0,37.0
2019-08-14,24.990000000000002,10.0,3.417666666666667,15.833333333333334,2.0,0.0,168.0,222.0,0.7567567567567568,70.0,41.0
2019-08-15,24.99,6.0,3.417666666666667,18.72222222222222,0.0,4.0,168.0,226.0,0.7433628318584071,60.0,31.0
2019-08-16,24.99,5.0,3.417666666666667,16.11111111111111,2.0,2.0,170.0,228.0,0.7456140350877193,70.0,45.0
2019-08-17,24.99,6.0,3.417666666666667,18.666666666666664,0.0,0.0,170.0,228.0,0.7456140350877193,41.0,20.0
2019-08-18,24.99,6.0,3.417666666666667,16.944444444444443,0.0,0.0,170.0,228.0,0.7456140350877193,60.0,36.0
2019-08-19,24.99,5.0,3.417666666666667,16.5,0.0,0.0,170.0,228.0,0.7456140350877193,64.0,44.0
2019-08-20,24.990000000000002,7.0,3.417666666666667,16.333333333333332,0.0,2.0,170.0,230.0,0.7391304347826086,66.0,39.0
2019-08-21,24.99,3.0,3.417666666666667,16.72222222222222,0.0,2.0,170.0,232.0,0.7327586206896551,40.0,29.0
2019-08-22,24.99,5.0,3.417666666666667,18.055555555555557,0.0,0.0,170.0,232.0,0.7327586206896551,71.0,52.0
2019-08-23,24.99,5.0,3.417666666666667,20.166666666666668,0.0,2.0,170.0,234.0,0.7264957264957265,50.0,34.0
2019-08-24,24.99,5.0,3.417666666666667,21.77777777777778,2.0,0.0,172.0,234.0,0.7350427350427351,24.0,18.0
2019-08-25,24.99,4.0,3.417666666666667,24.499999999999996,0.0,0.0,172.0,234.0,0.7350427350427351,38.0,28.0
2019-08-26,24.99,3.0,3.417666666666667,24.833333333333332,0.0,0.0,172.0,234.0,0.7350427350427351,46.0,34.0
2019-08-27,24.99,2.0,3.417666666666667,24.61111111111111,0.0,0.0,172.0,234.0,0.7350427350427351,47.0,34.0
2019-08-28,24.99,4.0,3.417666666666667,20.222222222222225,2.0,-2.0,174.0,232.0,0.75,45.0,38.0
2019-08-29,24.99,6.0,3.417666666666667,17.666666666666668,0.0,2.0,174.0,234.0,0.7435897435897436,58.0,34.0
2019-08-30,24.99,2.0,3.417666666666667,18.22222222222222,0.0,2.0,174.0,236.0,0.7372881355932204,66.0,41.0
2019-08-31,24.99,2.0,3.417666666666667,18.055555555555557,0.0,2.0,174.0,238.0,0.7310924369747899,50.0,30.0
2019-09-01,24.99,0.0,3.417666666666667,15.944444444444445,0.0,2.0,174.0,240.0,0.725,50.0,35.0
2019-09-02,24.99,3.0,3.417666666666667,15.833333333333334,0.0,0.0,174.0,240.0,0.725,65.0,45.0
2019-09-03,24.99,6.0,7.2251724137931035,17.944444444444443,0.0,0.0,174.0,240.0,0.725,58.0,35.0
2019-09-04,24.99,5.0,7.2251724137931035,17.22222222222222,0.0,0.0,174.0,240.0,0.725,67.0,46.0
2019-09-05,24.990000000000002,7.0,7.2251724137931035,14.88888888888889,2.0,0.0,176.0,240.0,0.7333333333333333,61.0,39.0
2019-09-06,24.990000000000002,8.0,7.2251724137931035,13.722222222222223,0.0,0.0,176.0,240.0,0.7333333333333333,53.0,35.0
2019-09-07,24.99,4.0,7.2251724137931035,14.61111111111111,0.0,0.0,176.0,240.0,0.7333333333333333,59.0,40.0
2019-09-08,24.99,3.0,7.2251724137931035,12.722222222222221,0.0,2.0,176.0,242.0,0.7272727272727273,74.0,46.0
2019-09-09,24.990000000000002,7.0,7.2251724137931035,13.61111111111111,0.0,2.0,176.0,244.0,0.7213114754098361,163.0,107.0
2019-09-10,24.99,5.0,7.2251724137931035,15.5,0.0,0.0,176.0,244.0,0.7213114754098361,102.0,72.0
2019-09-11,24.990000000000006,14.0,7.2251724137931035,17.5,2.0,2.0,178.0,246.0,0.7235772357723578,106.0,63.0
2019-09-12,24.99,5.0,7.2251724137931035,18.388888888888886,0.0,0.0,178.0,246.0,0.7235772357723578,63.0,46.0
2019-09-13,24.990000000000002,8.0,7.2251724137931035,17.5,0.0,0.0,178.0,246.0,0.7235772357723578,69.0,42.0
2019-09-14,24.99,5.0,7.2251724137931035,16.555555555555557,0.0,1.0,178.0,247.0,0.7206477732793523,74.0,54.0
2019-09-15,24.99,1.0,7.2251724137931035,18.388888888888886,0.0,2.0,178.0,249.0,0.714859437751004,79.0,58.0
2019-09-16,24.99,4.0,7.2251724137931035,17.166666666666668,0.0,-1.0,178.0,248.0,0.717741935483871,70.0,44.0
2019-09-17,24.990000000000002,8.0,7.2251724137931035,15.0,0.0,2.0,178.0,250.0,0.712,68.0,50.0
2019-09-18,24.99,4.0,7.2251724137931035,13.777777777777777,0.0,1.0,178.0,251.0,0.7091633466135459,82.0,59.0
2019-09-19,24.99,3.0,7.2251724137931035,14.777777777777779,0.0,0.0,178.0,251.0,0.7091633466135459,134.0,76.0
2019-09-20,24.99,2.0,7.2251724137931035,15.444444444444445,0.0,0.0,178.0,251.0,0.7091633466135459,87.0,62.0
2019-09-21,24.99,5.0,7.2251724137931035,18.000000000000004,0.0,0.0,178.0,251.0,0.7091633466135459,68.0,53.0
2019-09-22,24.99,4.0,7.2251724137931035,17.5,0.0,-2.0,178.0,249.0,0.714859437751004,69.0,41.0
2019-09-23,24.99,1.0,7.2251724137931035,15.88888888888889,0.0,0.0,178.0,249.0,0.714859437751004,99.0,64.0
2019-09-24,24.99,5.0,7.2251724137931035,16.944444444444443,0.0,-2.0,178.0,247.0,0.7206477732793523,91.0,64.0
2019-09-25,24.99,5.0,7.2251724137931035,17.055555555555557,0.0,0.0,178.0,247.0,0.7206477732793523,139.0,69.0
2019-09-26,24.99,5.0,7.2251724137931035,16.833333333333332,0.0,2.0,178.0,249.0,0.714859437751004,121.0,63.0
2019-09-27,24.990000000000002,8.0,7.2251724137931035,15.277777777777779,0.0,0.0,178.0,249.0,0.714859437751004,125.0,67.0
2019-09-28,24.990000000000002,7.0,7.2251724137931035,15.444444444444445,0.0,0.0,178.0,249.0,0.714859437751004,86.0,52.0
2019-09-29,24.99,7.0,7.2251724137931035,16.0,0.0,0.0,178.0,249.0,0.714859437751004,112.0,72.0
2019-09-30,24.99,5.0,7.2251724137931035,14.166666666666666,0.0,0.0,178.0,249.0,0.714859437751004,101.0,70.0
2019-10-01,24.99,7.0,7.2251724137931035,15.777777777777779,-2.0,-2.0,176.0,247.0,0.7125506072874493,106.0,76.0
2019-10-02,24.990000000000006,12.0,7.2251724137931035,10.61111111111111,0.0,4.0,176.0,251.0,0.701195219123506,93.0,69.0
2019-10-03,24.990000000000002,8.0,8.598166666666666,9.38888888888889,0.0,0.0,176.0,251.0,0.701195219123506,80.0,57.0
2019-10-04,24.99,3.0,8.598166666666666,13.444444444444446,0.0,0.0,176.0,251.0,0.701195219123506,88.0,63.0
2019-10-05,24.99,6.0,8.598166666666666,13.555555555555555,0.0,-2.0,176.0,249.0,0.7068273092369478,113.0,76.0
2019-10-06,24.99,4.0,8.598166666666666,14.444444444444445,2.0,0.0,178.0,249.0,0.714859437751004,121.0,83.0
2019-10-07,24.990000000000002,7.0,8.598166666666666,13.222222222222221,0.0,2.0,178.0,251.0,0.7091633466135459,133.0,78.0
2019-10-08,24.990000000000002,7.0,8.598166666666666,13.88888888888889,1.0,2.0,179.0,253.0,0.7075098814229249,117.0,81.0
2019-10-09,24.990000000000002,8.0,8.598166666666666,12.222222222222221,0.0,-4.0,179.0,249.0,0.7188755020080321,101.0,73.0
2019-10-10,24.99,4.0,8.598166666666666,13.38888888888889,0.0,0.0,179.0,249.0,0.7188755020080321,104.0,74.0
2019-10-11,24.99,7.0,8.598166666666666,15.5,0.0,1.0,179.0,250.0,0.716,98.0,68.0
2019-10-12,24.990000000000006,12.0,8.598166666666666,11.722222222222221,0.0,0.0,179.0,250.0,0.716,96.0,72.0
2019-10-13,24.990000000000002,7.0,8.598166666666666,13.777777777777777,0.0,2.0,179.0,252.0,0.7103174603174603,107.0,78.0
2019-10-14,24.990000000000002,8.0,8.598166666666666,12.833333333333334,2.0,0.0,181.0,252.0,0.7182539682539683,105.0,75.0
2019-10-15,24.990000000000002,9.0,8.598166666666666,12.944444444444443,0.0,1.0,181.0,253.0,0.7154150197628458,122.0,83.0
2019-10-16,24.990000000000002,10.0,8.598166666666666,12.944444444444443,0.0,2.0,181.0,255.0,0.7098039215686275,126.0,84.0
2019-10-17,24.990000000000006,12.0,8.598166666666666,11.555555555555554,0.0,0.0,181.0,255.0,0.7098039215686275,109.0,84.0
2019-10-18,24.99,4.0,8.598166666666666,11.777777777777779,0.0,0.0,181.0,255.0,0.7098039215686275,106.0,82.0
2019-10-19,24.990000000000006,13.0,8.598166666666666,11.277777777777777,4.0,-4.0,185.0,251.0,0.7370517928286853,95.0,64.0
2019-10-20,24.99,6.0,8.598166666666666,9.277777777777779,4.0,4.0,189.0,255.0,0.7411764705882353,100.0,77.0
2019-10-21,24.990000000000006,14.0,8.598166666666666,11.61111111111111,2.0,1.0,191.0,256.0,0.74609375,107.0,77.0
2019-10-22,24.990000000000002,8.0,8.598166666666666,10.333333333333334,2.0,2.0,193.0,258.0,0.748062015503876,143.0,95.0
2019-10-23,24.990000000000002,8.0,8.598166666666666,9.888888888888888,2.0,0.0,195.0,258.0,0.7558139534883721,102.0,77.0
2019-10-24,26.99,4.0,8.598166666666666,11.944444444444445,2.0,4.0,197.0,262.0,0.7519083969465649,117.0,82.0
2019-10-25,26.704285714285714,8.0,8.598166666666666,13.444444444444446,0.0,2.0,197.0,264.0,0.7462121212121212,86.0,56.0
2019-10-26,26.99,4.0,8.598166666666666,13.88888888888889,4.0,2.0,201.0,266.0,0.7556390977443609,110.0,77.0
2019-10-27,26.990000000000002,10.0,8.598166666666666,7.6111111111111125,0.0,2.0,201.0,268.0,0.75,105.0,83.0
2019-10-28,26.990000000000002,7.0,8.598166666666666,6.4444444444444455,0.0,2.0,201.0,270.0,0.7444444444444445,116.0,82.0
2019-10-29,26.990000000000006,11.0,8.598166666666666,8.88888888888889,0.0,0.0,201.0,270.0,0.7444444444444445,112.0,84.0
2019-10-30,26.990000000000006,12.0,8.598166666666666,9.11111111111111,0.0,-2.0,201.0,268.0,0.75,118.0,78.0
2019-10-31,26.99,6.0,8.598166666666666,8.444444444444446,0.0,2.0,201.0,270.0,0.7444444444444445,121.0,70.0
2019-11-01,26.99,5.0,8.598166666666666,13.333333333333334,0.0,0.0,201.0,270.0,0.7444444444444445,100.0,63.0
2019-11-02,26.99,3.0,8.598166666666666,11.833333333333332,0.0,1.0,201.0,271.0,0.7416974169741697,123.0,77.0
2019-11-03,26.99,6.0,8.107586206896553,9.11111111111111,0.0,2.0,201.0,273.0,0.7362637362637363,111.0,84.0
2019-11-04,26.990000000000002,9.0,8.107586206896553,8.88888888888889,0.0,0.0,201.0,273.0,0.7362637362637363,118.0,78.0
2019-11-05,26.990000000000002,8.0,8.107586206896553,9.722222222222221,2.0,0.0,203.0,273.0,0.7435897435897436,111.0,74.0
2019-11-06,26.99,3.0,8.107586206896553,6.888888888888888,0.0,-2.0,203.0,271.0,0.7490774907749077,112.0,83.0
2019-11-07,26.99,3.0,8.107586206896553,7.722222222222222,2.0,2.0,205.0,273.0,0.7509157509157509,163.0,104.0
2019-11-08,26.990000000000002,7.0,8.107586206896553,4.8888888888888875,0.0,0.0,205.0,273.0,0.7509157509157509,179.0,105.0
2019-11-09,26.990000000000002,7.0,8.107586206896553,4.833333333333335,0.0,1.0,205.0,274.0,0.7481751824817519,157.0,107.0
2019-11-10,26.990000000000002,10.0,8.107586206896553,7.5,0.0,0.0,205.0,274.0,0.7481751824817519,140.0,89.0
2019-11-11,26.990000000000002,10.0,8.107586206896553,7.222222222222222,0.0,0.0,205.0,274.0,0.7481751824817519,150.0,107.0
2019-11-12,26.990000000000002,9.0,8.107586206896553,6.388888888888889,0.0,0.0,205.0,274.0,0.7481751824817519,175.0,114.0
2019-11-13,26.990000000000002,8.0,8.107586206896553,6.0555555555555545,0.0,2.0,205.0,276.0,0.7427536231884058,140.0,100.0
2019-11-14,26.990000000000006,13.0,8.107586206896553,5.888888888888889,2.0,-2.0,207.0,274.0,0.7554744525547445,209.0,131.0
2019-11-15,26.990000000000006,19.0,8.107586206896553,6.222222222222224,0.0,0.0,207.0,274.0,0.7554744525547445,134.0,87.0
2019-11-16,26.990000000000002,7.0,8.107586206896553,6.222222222222224,0.0,-1.0,207.0,273.0,0.7582417582417582,179.0,117.0
2019-11-17,26.990000000000006,14.0,8.107586206896553,5.555555555555555,4.0,-2.0,211.0,271.0,0.7785977859778598,133.0,98.0
2019-11-18,26.990000000000006,15.0,8.107586206896553,6.277777777777776,4.0,-2.0,215.0,269.0,0.7992565055762082,134.0,98.0
2019-11-19,26.990000000000006,12.0,8.107586206896553,2.3888888888888875,0.0,0.0,215.0,269.0,0.7992565055762082,149.0,108.0
2019-11-20,27.545555555555563,19.0,8.107586206896553,4.944444444444444,0.0,2.0,215.0,271.0,0.7933579335793358,161.0,96.0
2019-11-21,27.836153846153852,13.0,8.107586206896553,4.61111111111111,0.0,-1.0,215.0,270.0,0.7962962962962963,111.0,84.0
2019-11-22,27.99,5.0,8.107586206896553,7.777777777777778,0.0,2.0,215.0,272.0,0.7904411764705882,134.0,105.0
2019-11-23,27.99,5.0,8.107586206896553,9.333333333333332,0.0,1.0,215.0,273.0,0.7875457875457875,119.0,91.0
2019-11-24,27.990000000000002,8.0,8.107586206896553,9.444444444444445,4.0,1.0,219.0,274.0,0.7992700729927007,116.0,87.0
2019-11-25,27.990000000000002,7.0,8.107586206896553,10.5,1.0,2.0,220.0,276.0,0.7971014492753623,147.0,93.0
2019-11-26,27.990000000000006,17.0,8.107586206896553,11.277777777777777,0.0,0.0,220.0,276.0,0.7971014492753623,146.0,106.0
2019-11-27,27.990000000000006,12.0,8.107586206896553,10.222222222222221,2.0,3.0,222.0,279.0,0.7956989247311828,136.0,91.0
2019-11-28,27.990000000000002,9.0,8.107586206896553,8.666666666666666,0.0,0.0,222.0,279.0,0.7956989247311828,115.0,82.0
2019-11-29,27.99,5.0,8.107586206896553,4.722222222222222,2.0,4.0,224.0,283.0,0.7915194346289752,114.0,84.0
2019-11-30,27.990000000000006,14.0,8.107586206896553,3.444444444444446,0.0,6.0,224.0,289.0,0.7750865051903114,126.0,88.0
2019-12-01,27.990000000000006,13.0,8.107586206896553,4.055555555555554,4.0,0.0,228.0,289.0,0.7889273356401384,102.0,75.0
2019-12-02,27.990000000000002,10.0,8.107586206896553,2.833333333333334,1.0,5.0,229.0,294.0,0.7789115646258503,118.0,81.0
2019-12-03,27.990000000000006,15.0,5.480833333333334,5.0,0.0,6.0,229.0,300.0,0.7633333333333333,147.0,96.0
2019-12-04,27.990000000000006,17.0,5.480833333333334,3.888888888888889,4.0,8.0,233.0,308.0,0.7564935064935064,148.0,92.0
2019-12-05,27.990000000000006,15.0,5.480833333333334,4.833333333333335,-2.0,5.0,231.0,313.0,0.7380191693290735,123.0,88.0
2019-12-06,27.990000000000002,7.0,5.480833333333334,11.11111111111111,0.0,4.0,231.0,317.0,0.7287066246056783,107.0,77.0
2019-12-07,27.990000000000002,10.0,5.480833333333334,9.611111111111109,2.0,4.0,233.0,321.0,0.7258566978193146,130.0,94.0
2019-12-08,27.990000000000002,10.0,5.480833333333334,9.444444444444445,0.0,6.0,233.0,327.0,0.7125382262996942,158.0,97.0
2019-12-09,27.990000000000002,7.0,5.480833333333334,7.3888888888888875,2.0,5.0,235.0,332.0,0.7078313253012049,187.0,117.0
2019-12-10,27.990000000000002,19.0,5.480833333333334,7.11111111111111,2.0,0.0,237.0,332.0,0.713855421686747,144.0,97.0
2019-12-11,28.528461538461542,13.0,5.480833333333334,5.222222222222221,0.0,2.0,237.0,334.0,0.7095808383233533,121.0,78.0
2019-12-12,28.762727272727275,24.0,5.480833333333334,5.611111111111112,0.0,2.0,237.0,336.0,0.7053571428571429,149.0,90.0
2019-12-13,28.899090909090912,11.0,5.480833333333334,7.11111111111111,0.0,2.0,237.0,338.0,0.7011834319526628,129.0,80.0
2019-12-14,28.990000000000006,13.0,5.480833333333334,6.555555555555554,2.0,1.0,239.0,339.0,0.7050147492625368,131.0,89.0
2019-12-15,28.990000000000006,14.0,5.480833333333334,7.3888888888888875,0.0,0.0,239.0,339.0,0.7050147492625368,111.0,78.0
2019-12-16,28.990000000000002,10.0,5.480833333333334,7.333333333333335,0.0,6.0,239.0,345.0,0.6927536231884058,140.0,98.0
2019-12-17,28.990000000000006,12.0,5.480833333333334,6.888888888888888,0.0,2.0,239.0,347.0,0.6887608069164265,121.0,87.0
2019-12-18,28.990000000000006,22.0,5.480833333333334,6.611111111111111,0.0,4.0,239.0,351.0,0.6809116809116809,131.0,88.0
2019-12-19,28.990000000000002,22.0,5.480833333333334,11.666666666666666,0.0,1.0,239.0,352.0,0.6789772727272727,141.0,90.0
2019-12-20,28.990000000000006,15.0,5.480833333333334,8.0,0.0,-2.0,239.0,350.0,0.6828571428571428,112.0,75.0
2019-12-21,28.990000000000006,11.0,5.480833333333334,8.277777777777779,2.0,0.0,241.0,350.0,0.6885714285714286,82.0,57.0
2019-12-22,28.990000000000002,19.0,5.480833333333334,7.944444444444443,0.0,-2.0,241.0,348.0,0.6925287356321839,94.0,67.0
2019-12-23,28.990000000000002,22.0,5.480833333333334,8.277777777777779,0.0,4.0,241.0,352.0,0.6846590909090909,73.0,57.0
2019-12-24,28.99,4.0,5.480833333333334,9.38888888888889,0.0,2.0,241.0,354.0,0.6807909604519774,59.0,40.0
2019-12-25,28.99,0.0,5.480833333333334,5.055555555555556,0.0,2.0,241.0,356.0,0.6769662921348315,56.0,46.0
2019-12-26,28.99,3.0,5.480833333333334,7.166666666666667,0.0,1.0,241.0,357.0,0.6750700280112045,69.0,49.0
2019-12-27,28.990000000000002,10.0,5.480833333333334,7.333333333333335,0.0,1.0,241.0,358.0,0.6731843575418994,73.0,55.0
2019-12-28,28.99,3.0,5.480833333333334,7.944444444444443,0.0,1.0,241.0,359.0,0.6713091922005571,65.0,54.0
2019-12-29,28.99,6.0,5.480833333333334,7.222222222222222,0.0,3.0,241.0,362.0,0.6657458563535912,80.0,53.0
2019-12-30,28.99,4.0,5.480833333333334,6.555555555555554,2.0,0.0,243.0,362.0,0.6712707182320442,88.0,65.0
2019-12-31,29.189999999999998,5.0,5.480833333333334,7.166666666666667,0.0,0.0,243.0,362.0,0.6712707182320442,54.0,42.0
2020-01-01,29.189999999999998,0.0,5.480833333333334,5.444444444444443,0.0,0.0,243.0,362.0,0.6712707182320442,99.0,63.0
2020-01-02,29.99,5.0,5.480833333333334,8.833333333333334,4.0,0.0,247.0,362.0,0.6823204419889503,98.0,65.0
2020-01-03,29.990000000000002,10.0,5.248166666666666,8.222222222222221,0.0,0.0,247.0,362.0,0.6823204419889503,99.0,61.0
2020-01-04,29.990000000000002,7.0,5.248166666666666,6.666666666666667,0.0,4.0,247.0,366.0,0.674863387978142,138.0,94.0
2020-01-05,29.990000000000002,9.0,5.248166666666666,7.833333333333333,0.0,4.0,247.0,370.0,0.6675675675675675,137.0,93.0
2020-01-06,29.990000000000002,9.0,5.248166666666666,7.555555555555555,2.0,4.0,249.0,374.0,0.6657754010695187,102.0,71.0
2020-01-07,29.99,6.0,5.248166666666666,9.5,0.0,1.0,249.0,375.0,0.664,93.0,64.0
2020-01-08,29.990000000000002,10.0,5.248166666666666,11.500000000000002,0.0,2.0,249.0,377.0,0.6604774535809018,102.0,66.0
2020-01-09,29.99,3.0,5.248166666666666,11.055555555555555,0.0,4.0,249.0,381.0,0.6535433070866141,116.0,70.0
2020-01-10,29.99,3.0,5.248166666666666,6.333333333333332,0.0,2.0,249.0,383.0,0.6501305483028721,93.0,61.0
2020-01-11,29.99,6.0,5.248166666666666,9.5,2.0,1.0,251.0,384.0,0.6536458333333334,92.0,49.0
2020-01-12,29.99,6.0,5.248166666666666,9.38888888888889,0.0,4.0,251.0,388.0,0.6469072164948454,76.0,44.0
2020-01-13,29.990000000000002,8.0,5.248166666666666,8.333333333333334,1.0,2.0,252.0,390.0,0.6461538461538462,96.0,61.0
2020-01-14,29.99,4.0,5.248166666666666,10.277777777777779,0.0,6.0,252.0,396.0,0.6363636363636364,88.0,56.0
2020-01-15,29.99,4.0,5.248166666666666,8.38888888888889,0.0,8.0,252.0,404.0,0.6237623762376238,108.0,67.0
2020-01-16,29.99,6.0,5.248166666666666,9.444444444444445,2.0,4.0,254.0,408.0,0.6225490196078431,89.0,61.0
2020-01-17,29.990000000000002,7.0,5.248166666666666,7.3888888888888875,0.0,8.0,254.0,416.0,0.6105769230769231,83.0,62.0
2020-01-18,29.99,6.0,5.248166666666666,3.888888888888889,2.0,5.0,256.0,421.0,0.6080760095011877,101.0,74.0
2020-01-19,29.99,5.0,5.248166666666666,3.111111111111112,0.0,2.0,256.0,423.0,0.6052009456264775,91.0,71.0
2020-01-20,29.99,3.0,5.248166666666666,3.111111111111112,0.0,2.0,256.0,425.0,0.6023529411764705,99.0,72.0
2020-01-21,29.99,4.0,5.248166666666666,2.2777777777777786,1.0,2.0,257.0,427.0,0.6018735362997658,110.0,77.0
2020-01-22,29.99,6.0,5.248166666666666,5.666666666666668,0.0,8.0,257.0,435.0,0.5908045977011495,157.0,105.0
2020-01-23,29.990000000000002,8.0,5.248166666666666,7.3888888888888875,0.0,1.0,257.0,436.0,0.5894495412844036,165.0,110.0
2020-01-24,29.990000000000002,8.0,5.248166666666666,6.555555555555554,0.0,-2.0,257.0,434.0,0.5921658986175116,99.0,68.0
2020-01-25,29.99,3.0,5.248166666666666,6.222222222222224,0.0,-5.0,257.0,429.0,0.5990675990675991,123.0,86.0
2020-01-26,29.99,6.0,5.248166666666666,8.38888888888889,4.0,4.0,261.0,433.0,0.6027713625866051,65.0,55.0
2020-01-27,29.99,5.0,5.248166666666666,7.222222222222222,2.0,-2.0,263.0,431.0,0.6102088167053364,101.0,79.0
2020-01-28,29.99,5.0,5.248166666666666,4.61111111111111,0.0,1.0,263.0,432.0,0.6087962962962963,124.0,96.0
2020-01-29,29.99,6.0,5.248166666666666,6.111111111111111,0.0,0.0,263.0,432.0,0.6087962962962963,124.0,96.0
2020-01-30,29.990000000000002,8.0,5.248166666666666,10.111111111111112,0.0,16.0,263.0,448.0,0.5870535714285714,107.0,83.0
2020-01-31,29.990000000000002,8.0,5.248166666666666,10.833333333333334,0.0,6.0,263.0,454.0,0.579295154185022,111.0,91.0
2020-02-01,29.99,1.0,5.248166666666666,10.0,0.0,-2.0,263.0,452.0,0.581858407079646,94.0,77.0
2020-02-02,29.99,3.0,5.248166666666666,10.61111111111111,0.0,2.0,263.0,454.0,0.579295154185022,122.0,98.0
2020-02-03,29.99,3.0,5.248166666666666,9.055555555555554,0.0,4.0,263.0,458.0,0.574235807860262,146.0,111.0
2020-02-04,29.990000000000002,12.0,5.248166666666666,6.944444444444445,0.0,4.0,263.0,462.0,0.5692640692640693,153.0,115.0
2020-02-05,29.990000000000002,9.0,5.248166666666666,4.833333333333335,0.0,2.0,263.0,464.0,0.5668103448275862,138.0,103.0
2020-02-06,29.99,4.0,5.248166666666666,3.611111111111111,0.0,0.0,263.0,464.0,0.5668103448275862,149.0,117.0
2020-02-07,29.990000000000002,10.0,5.248166666666666,5.611111111111112,0.0,0.0,263.0,464.0,0.5668103448275862,126.0,111.0
